,goal_dist_euclid.mean,goal_dist_euclid.std,goal_dist_euclid.max,goal_dist_euclid.min,goal_dist_euclid.median,goal_dist_euclid.kurtosis,goal_dist_euclid.skewness,goal_dist_euclid.sum,goal_dist_euclid.len,goal_dist_manh.mean,goal_dist_manh.std,goal_dist_manh.max,goal_dist_manh.min,goal_dist_manh.median,goal_dist_manh.kurtosis,goal_dist_manh.skewness,goal_dist_manh.sum,goal_dist_manh.len,goal_radial_dist.mean,goal_radial_dist.std,goal_radial_dist.max,goal_radial_dist.min,goal_radial_dist.median,goal_radial_dist.kurtosis,goal_radial_dist.skewness,goal_radial_dist.sum,goal_radial_dist.len,trap_dist_euclid.mean,trap_dist_euclid.std,trap_dist_euclid.max,trap_dist_euclid.min,trap_dist_euclid.median,trap_dist_euclid.kurtosis,trap_dist_euclid.skewness,trap_dist_euclid.sum,trap_dist_euclid.len,trap_dist_manh.mean,trap_dist_manh.std,trap_dist_manh.max,trap_dist_manh.min,trap_dist_manh.median,trap_dist_manh.kurtosis,trap_dist_manh.skewness,trap_dist_manh.sum,trap_dist_manh.len,trap_radial_dist.mean,trap_radial_dist.std,trap_radial_dist.max,trap_radial_dist.min,trap_radial_dist.median,trap_radial_dist.kurtosis,trap_radial_dist.skewness,trap_radial_dist.sum,trap_radial_dist.len,SARSA,MCCONTROL,QLEARNING,DQLEARNING
0,10.5095728726148,4.852718623122417,15.362291495737214,5.656854249492381,10.5095728726148,-2.0,-1.8653319452557068e-16,21.0191457452296,2,21.0,9.0,30.0,12.0,21.0,-2.0,0.0,42.0,2,5.656854249492381,0.0,5.656854249492381,5.656854249492381,5.656854249492381,-3.0,0.0,5.656854249492381,1,31.67887158531157,14.796928569177432,46.475800154489,16.881943016134137,31.67887158531157,-2.0,-3.5090976563031457e-16,63.35774317062314,2,140.5,63.5,204.0,77.0,140.5,-2.0,0.0,281.0,2,,,,,,,,0.0,0,0.9890000000000001,-2.000000000000001,0.99,0.9890000000000001
1,12.653529179778873,4.109525434461339,16.76305461424021,8.54400374531753,12.653529179778873,-2.0,-7.166600997770571e-16,25.307058359557747,2,16.0,5.0,21.0,11.0,16.0,-2.0,0.0,32.0,2,,,,,,,,0.0,0,34.82179397560686,18.45108843186196,53.27288240746881,16.3707055437449,34.82179397560686,-2.0,-2.8957708906139317e-16,69.64358795121372,2,129.0,71.0,200.0,58.0,129.0,-2.0,0.0,258.0,2,,,,,,,,0.0,0,0.9940000000000001,0.9940000000000001,0.9940000000000001,0.9940000000000001
2,18.52172772565812,4.737678973567896,23.259406699226016,13.784048752090223,18.52172772565812,-2.0,1.2027235657958752e-15,37.04345545131624,2,34.5,10.5,45.0,24.0,34.5,-2.0,0.0,69.0,2,,,,,,,,0.0,0,43.751710695639495,1.337090574742497,45.08880127038199,42.41462012089699,43.751710695639495,-2.0,0.0,87.50342139127899,2,178.0,7.0,185.0,171.0,178.0,-2.0,0.0,356.0,2,,,,,,,,0.0,0,0.995,-2.000000000000001,0.995,0.995
3,11.51135777277262,10.51135777277262,22.02271554554524,1.0,11.51135777277262,-2.0,0.0,23.02271554554524,2,16.0,15.0,31.0,1.0,16.0,-2.0,0.0,32.0,2,1.0,0.0,1.0,1.0,1.0,-3.0,0.0,1.0,1,28.993997422726174,7.1307863136507175,36.124783736376884,21.86321110907545,28.993997422726174,-2.0,-7.838589624979077e-16,57.98799484545235,2,78.5,20.5,99.0,58.0,78.5,-2.0,0.0,157.0,2,,,,,,,,0.0,0,0.996,0.996,0.996,0.996
4,10.0,2.0,12.0,8.0,10.0,-2.0,0.0,20.0,2,10.0,2.0,12.0,8.0,10.0,-2.0,0.0,20.0,2,8.0,0.0,8.0,8.0,8.0,-3.0,0.0,8.0,1,61.136415159391575,25.205926712948212,86.3423418723398,35.930488446443356,61.136415159391575,-2.0,0.0,122.27283031878315,2,258.0,107.0,365.0,151.0,258.0,-2.0,0.0,516.0,2,,,,,,,,0.0,0,0.986,-2.000000000000001,0.986,0.986
5,5.3383095436647325,1.7327582682007432,7.071067811865476,3.6055512754639887,5.3383095436647325,-2.0,-4.2680184282537723e-16,10.676619087329463,2,6.5,1.5,8.0,5.0,6.5,-2.0,0.0,13.0,2,3.6055512754639887,0.0,3.6055512754639887,3.6055512754639887,3.6055512754639887,-3.0,0.0,3.6055512754639887,1,27.731248865421648,1.4063557032452818,29.13760456866693,26.32489316217637,27.731248865421648,-2.0,0.0,55.462497730843296,2,124.0,3.0,127.0,121.0,124.0,-2.0,0.0,248.0,2,,,,,,,,0.0,0,-2.000000000000001,-1.008,-2.000000000000001,-2.000000000000001
6,14.451995469666686,6.902161034395936,21.354156504062622,7.549834435270751,14.451995469666686,-2.0,0.0,28.903990939333372,2,24.5,11.5,36.0,13.0,24.5,-2.0,0.0,49.0,2,,,,,,,,0.0,0,18.16132022577705,8.72733909372045,26.888659319497503,9.433981132056603,18.16132022577705,-2.0,-2.565404747696725e-16,36.32264045155411,2,52.0,23.0,75.0,29.0,52.0,-2.0,0.0,104.0,2,,,,,,,,0.0,0,0.997,0.997,0.997,0.992
7,19.194009689373985,11.383760013467331,30.577769702841312,7.810249675906653,19.194009689373985,-2.0,-5.394497940866206e-16,38.38801937874797,2,35.0,22.0,57.0,13.0,35.0,-2.0,0.0,70.0,2,7.810249675906653,0.0,7.810249675906653,7.810249675906653,7.810249675906653,-3.0,0.0,7.810249675906653,1,46.70676442728506,9.923616111786018,56.630380539071076,36.78314831549904,46.70676442728506,-2.0,0.0,93.41352885457012,2,162.0,41.0,203.0,121.0,162.0,-2.0,0.0,324.0,2,,,,,,,,0.0,0,0.992,-2.000000000000001,0.992,0.992
8,7.655125593091808,4.049574317627819,11.704699910719626,3.6055512754639887,7.655125593091808,-2.0,-3.2098396536106683e-16,15.310251186183615,2,10.0,5.0,15.0,5.0,10.0,-2.0,0.0,20.0,2,3.6055512754639887,0.0,3.6055512754639887,3.6055512754639887,3.6055512754639887,-3.0,0.0,3.6055512754639887,1,36.15473575711475,2.1988820644154607,38.35361782153021,33.955853692699286,36.15473575711475,-2.0,4.8453192771207845e-15,72.3094715142295,2,172.0,7.0,179.0,165.0,172.0,-2.0,0.0,344.0,2,,,,,,,,0.0,0,-2.000000000000001,-1.002,-2.000000000000001,-2.000000000000001
9,25.88451891290223,8.306123081655285,34.19064199455752,17.578395831246947,25.88451891290223,-2.0,5.951635894317873e-16,51.76903782580446,2,42.0,17.0,59.0,25.0,42.0,-2.0,0.0,84.0,2,,,,,,,,0.0,0,56.956277137596224,6.706899031991784,63.66317616958802,50.24937810560446,56.956277137596224,-2.0,1.507317955783642e-15,113.91255427519245,2,220.0,23.0,243.0,197.0,220.0,-2.0,0.0,440.0,2,,,,,,,,0.0,0,0.981,-2.000000000000001,0.981,-2.000000000000001
10,7.842128774959232,0.031879099052578574,7.874007874011811,7.810249675906653,7.842128774959232,-2.0,0.0,15.684257549918465,2,11.5,0.5,12.0,11.0,11.5,-2.0,0.0,23.0,2,7.842128774959232,0.031879099052578574,7.874007874011811,7.810249675906653,7.842128774959232,-2.0,0.0,15.684257549918465,2,20.50880453484504,3.986092892986738,24.494897427831784,16.522711641858304,20.50880453484504,-2.0,1.3462608102896125e-15,41.01760906969008,2,58.5,11.5,70.0,47.0,58.5,-2.0,0.0,117.0,2,,,,,,,,0.0,0,0.9940000000000001,0.9940000000000001,0.9940000000000001,0.9940000000000001
11,25.195914090949877,2.8576061872611986,28.053520278211074,22.33830790368868,25.195914090949877,-2.0,-1.9792307414911955e-15,50.391828181899754,2,49.0,8.0,57.0,41.0,49.0,-2.0,0.0,98.0,2,,,,,,,,0.0,0,33.64507446214309,3.0836608822708307,36.728735344413906,30.56141357987225,33.64507446214309,-2.0,-3.39248866084597e-15,67.29014892428617,2,83.5,3.5,87.0,80.0,83.5,-2.0,0.0,167.0,2,,,,,,,,0.0,0,-2.000000000000001,-1.018,-2.000000000000001,-2.000000000000001
12,19.623278396533642,3.070333039286792,22.693611435820433,16.55294535724685,19.623278396533642,-2.0,-1.8411747453005984e-15,39.24655679306729,2,32.5,6.5,39.0,26.0,32.5,-2.0,0.0,65.0,2,,,,,,,,0.0,0,38.78380387420515,4.931182114583637,43.71498598878878,33.85262175962151,38.78380387420515,-2.0,2.1924959625895664e-15,77.5676077484103,2,126.5,6.5,133.0,120.0,126.5,-2.0,0.0,253.0,2,,,,,,,,0.0,0,0.994,0.994,0.994,0.994
13,10.627256967498148,5.528237453905363,16.15549442140351,5.0990195135927845,10.627256967498148,-2.0,-4.205621041317199e-16,21.254513934996297,2,13.5,7.5,21.0,6.0,13.5,-2.0,0.0,27.0,2,5.0990195135927845,0.0,5.0990195135927845,5.0990195135927845,5.0990195135927845,-3.0,0.0,5.0990195135927845,1,34.81152059552164,3.9570233544386153,38.768543949960254,30.85449724108302,34.81152059552164,-2.0,-2.694959392192833e-15,69.62304119104328,2,97.5,13.5,111.0,84.0,97.5,-2.0,0.0,195.0,2,,,,,,,,0.0,0,0.998,0.998,0.998,0.998
14,7.81224739850934,6.080196590940464,13.892443989449804,1.7320508075688772,7.81224739850934,-2.0,0.0,15.62449479701868,2,11.0,8.0,19.0,3.0,11.0,-2.0,0.0,22.0,2,1.7320508075688772,0.0,1.7320508075688772,1.7320508075688772,1.7320508075688772,-3.0,0.0,1.7320508075688772,1,16.599536509770154,7.9972112427275315,24.59674775249769,8.602325267042627,16.599536509770154,-2.0,0.0,33.199073019540315,2,41.5,19.5,61.0,22.0,41.5,-2.0,0.0,83.0,2,,,,,,,,0.0,0,0.991,0.982,0.991,0.991
15,2.5,1.5,4.0,1.0,2.5,-2.0,0.0,5.0,2,2.5,1.5,4.0,1.0,2.5,-2.0,0.0,5.0,2,2.5,1.5,4.0,1.0,2.5,-2.0,0.0,5.0,2,22.306042290451323,1.7147820084773129,24.020824298928627,20.591260281974,22.306042290451323,-2.0,-3.170632939676063e-15,44.61208458090263,2,79.5,1.5,81.0,78.0,79.5,-2.0,0.0,159.0,2,,,,,,,,0.0,0,-2.000000000000001,-1.0,-2.000000000000001,-2.000000000000001
16,14.88063614122182,4.250490328487172,19.131126469708992,10.63014581273465,14.88063614122182,-2.0,0.0,29.76127228244364,2,22.5,5.5,28.0,17.0,22.5,-2.0,0.0,45.0,2,,,,,,,,0.0,0,42.75289334437803,8.870744652183198,51.62363799656122,33.88214869219483,42.75289334437803,-2.0,0.0,85.50578668875606,2,191.5,49.5,241.0,142.0,191.5,-2.0,0.0,383.0,2,,,,,,,,0.0,0,0.995,0.995,0.995,0.995
17,12.77368440060519,1.6831478941957716,14.45683229480096,11.09053650640942,12.77368440060519,-2.0,0.0,25.54736880121038,2,22.0,1.0,23.0,21.0,22.0,-2.0,0.0,44.0,2,,,,,,,,0.0,0,18.202164392175085,6.97719223185326,25.179356624028344,11.224972160321824,18.202164392175085,-2.0,-3.3470956291695144e-16,36.40432878435017,2,53.0,23.0,76.0,30.0,53.0,-2.0,0.0,106.0,2,,,,,,,,0.0,0,0.996,0.988,0.996,0.996
18,22.646563469553453,2.3734285368401564,25.019992006393608,20.273134932713294,22.646563469553453,-2.0,2.2586589273197324e-15,45.293126939106905,2,44.5,7.5,52.0,37.0,44.5,-2.0,0.0,89.0,2,,,,,,,,0.0,0,63.41951909570318,3.311283387108304,66.73080248281148,60.10823570859488,63.41951909570318,-2.0,0.0,126.83903819140636,2,301.0,14.0,315.0,287.0,301.0,-2.0,0.0,602.0,2,,,,,,,,0.0,0,-2.000000000000001,-1.001,-2.000000000000001,-2.000000000000001
19,15.642063688564956,9.477649685595985,25.11971337416094,6.164414002968977,15.642063688564956,-2.0,2.670780677312597e-16,31.284127377129924,2,28.5,16.5,45.0,12.0,28.5,-2.0,0.0,57.0,2,6.164414002968977,0.0,6.164414002968977,6.164414002968977,6.164414002968977,-3.0,0.0,6.164414002968977,1,46.659657866421355,29.10972909163711,75.76938695805845,17.54992877478424,46.659657866421355,-2.0,-2.2122639007828728e-16,93.31931573284271,2,168.5,106.5,275.0,62.0,168.5,-2.0,0.0,337.0,2,,,,,,,,0.0,0,0.994,0.992,0.994,0.994
20,16.04711065037505,7.680510385034295,23.727621035409346,8.366600265340756,16.04711065037505,-2.0,3.7638404331331976e-16,32.0942213007501,2,26.5,12.5,39.0,14.0,26.5,-2.0,0.0,53.0,2,,,,,,,,0.0,0,36.20805925141533,23.440913916611628,59.64897316802696,12.767145334803706,36.20805925141533,-2.0,2.824467259003251e-16,72.41611850283066,2,147.5,94.5,242.0,53.0,147.5,-2.0,0.0,295.0,2,,,,,,,,0.0,0,0.984,-1.0,0.986,-2.000000000000001
21,14.442288948331328,6.318250543695368,20.76053949202669,8.124038404635959,14.442288948331328,-2.0,0.0,28.884577896662652,2,29.5,13.5,43.0,16.0,29.5,-2.0,0.0,59.0,2,8.124038404635959,0.0,8.124038404635959,8.124038404635959,8.124038404635959,-3.0,0.0,8.124038404635959,1,22.19800061995129,9.313901893226168,31.51190251317746,12.884098726725126,22.19800061995129,-2.0,-2.8141367973734866e-16,44.39600123990259,2,74.5,32.5,107.0,42.0,74.5,-2.0,0.0,149.0,2,,,,,,,,0.0,0,0.997,0.997,0.997,0.997
22,13.152102858078873,7.58433849524885,20.736441353327717,5.5677643628300215,13.152102858078873,-2.0,-1.3029479524664278e-16,26.304205716157746,2,20.5,11.5,32.0,9.0,20.5,-2.0,0.0,41.0,2,5.5677643628300215,0.0,5.5677643628300215,5.5677643628300215,5.5677643628300215,-3.0,0.0,5.5677643628300215,1,40.98505208840915,18.51284703416492,59.49789912257407,22.47220505424423,40.98505208840915,-2.0,2.8668867072832857e-16,81.9701041768183,2,182.5,87.5,270.0,95.0,182.5,-2.0,0.0,365.0,2,,,,,,,,0.0,0,0.999,0.999,0.999,0.999
23,21.17744576699355,16.078426253400764,37.25587202039432,5.0990195135927845,21.17744576699355,-2.0,0.0,42.3548915339871,2,38.0,28.0,66.0,10.0,38.0,-2.0,0.0,76.0,2,5.0990195135927845,0.0,5.0990195135927845,5.0990195135927845,5.0990195135927845,-3.0,0.0,5.0990195135927845,1,33.39025425429948,20.27537720569548,53.66563145999496,13.114877048603999,33.39025425429948,-2.0,0.0,66.78050850859896,2,110.0,66.0,176.0,44.0,110.0,-2.0,0.0,220.0,2,,,,,,,,0.0,0,0.991,0.987,0.991,0.991
24,20.06455040388153,1.7069906531957102,21.771541057077236,18.35755975068582,20.06455040388153,-2.0,0.0,40.12910080776306,2,36.5,3.5,40.0,33.0,36.5,-2.0,0.0,73.0,2,,,,,,,,0.0,0,51.77641077711553,7.9814338961991345,59.75784467331465,43.79497688091639,51.77641077711553,-2.0,0.0,103.55282155423106,2,204.5,38.5,243.0,166.0,204.5,-2.0,0.0,409.0,2,,,,,,,,0.0,0,0.989,-2.000000000000001,0.989,0.989
25,17.047725164893407,7.5083331507239475,24.556058315617353,9.539392014169456,17.047725164893407,-2.0,-3.3572957164745215e-16,34.095450329786814,2,30.0,13.0,43.0,17.0,30.0,-2.0,0.0,60.0,2,9.539392014169456,0.0,9.539392014169456,9.539392014169456,9.539392014169456,-3.0,0.0,9.539392014169456,1,27.060283766509986,10.873869710271338,37.93415347678132,16.18641405623865,27.060283766509986,-2.0,0.0,54.12056753301997,2,72.5,30.5,103.0,42.0,72.5,-2.0,0.0,145.0,2,,,,,,,,0.0,0,0.994,0.994,0.994,0.994
26,8.5,1.5,10.0,7.0,8.5,-2.0,0.0,17.0,2,8.5,1.5,10.0,7.0,8.5,-2.0,0.0,17.0,2,,,,,,,,0.0,0,20.165391330661805,8.207130587560409,28.372521918222212,11.958260743101398,20.165391330661805,-2.0,7.197873330102158e-16,40.33078266132361,2,65.0,30.0,95.0,35.0,65.0,-2.0,0.0,130.0,2,,,,,,,,0.0,0,0.984,-1.001,0.984,-2.000000000000001
27,22.191945567959838,17.833046624419165,40.024992192378996,4.358898943540674,22.191945567959838,-2.0,0.0,44.383891135919676,2,36.5,29.5,66.0,7.0,36.5,-2.0,0.0,73.0,2,4.358898943540674,0.0,4.358898943540674,4.358898943540674,4.358898943540674,-3.0,0.0,4.358898943540674,1,45.14293406911409,33.438234158394465,78.58116822750857,11.704699910719626,45.14293406911409,-2.0,0.0,90.28586813822818,2,192.0,143.0,335.0,49.0,192.0,-2.0,0.0,384.0,2,,,,,,,,0.0,0,0.982,-1.003,0.986,-2.000000000000001
28,7.5,0.5,8.0,7.0,7.5,-2.0,0.0,15.0,2,7.5,0.5,8.0,7.0,7.5,-2.0,0.0,15.0,2,,,,,,,,0.0,0,20.935729929175565,0.4418283972563764,21.37755832643195,20.4939015319192,20.935729929175565,-2.0,0.0,41.87145985835115,2,79.5,4.5,84.0,75.0,79.5,-2.0,0.0,159.0,2,,,,,,,,0.0,0,0.986,-1.0,0.986,-2.000000000000001
29,9.897891381752217,1.237637343907828,11.135528725660043,8.660254037844387,9.897891381752217,-2.0,0.0,19.79578276350443,2,17.5,2.5,20.0,15.0,17.5,-2.0,0.0,35.0,2,,,,,,,,0.0,0,46.787510265662796,4.942558359847446,51.730068625510256,41.84495190581536,46.787510265662796,-2.0,0.0,93.57502053132559,2,204.5,21.5,226.0,183.0,204.5,-2.0,0.0,409.0,2,,,,,,,,0.0,0,0.999,0.999,0.999,0.999
30,9.668666144937848,1.008412107093462,10.677078252031311,8.660254037844387,9.668666144937848,-2.0,2.8149418262661233e-15,19.337332289875697,2,14.5,1.5,16.0,13.0,14.5,-2.0,0.0,29.0,2,,,,,,,,0.0,0,30.883440881367182,8.167807498166088,39.05124837953327,22.715633383201087,30.883440881367182,-2.0,0.0,61.766881762734364,2,114.5,22.5,137.0,92.0,114.5,-2.0,0.0,229.0,2,,,,,,,,0.0,0,0.999,0.999,0.999,0.999
31,8.764982043070834,3.7649820430708343,12.529964086141668,5.0,8.764982043070834,-2.0,0.0,17.529964086141668,2,12.0,5.0,17.0,7.0,12.0,-2.0,0.0,24.0,2,,,,,,,,0.0,0,22.60785464536827,7.442103757265168,30.049958402633443,15.1657508881031,22.60785464536827,-2.0,0.0,45.21570929073654,2,92.5,26.5,119.0,66.0,92.5,-2.0,0.0,185.0,2,,,,,,,,0.0,0,0.988,-1.0,0.992,0.99
32,7.475839052224753,0.3344106236819018,7.810249675906653,7.14142842854285,7.475839052224753,-2.0,0.0,14.951678104449506,2,11.0,2.0,13.0,9.0,11.0,-2.0,0.0,22.0,2,,,,,,,,0.0,0,22.604957308619493,2.8312373753343087,25.43619468395381,19.77371993328519,22.604957308619493,-2.0,1.9567771697605424e-15,45.20991461723899,2,77.0,8.0,85.0,69.0,77.0,-2.0,0.0,154.0,2,,,,,,,,0.0,0,0.997,0.997,0.997,0.997
33,19.072411502397443,12.072411502397435,31.144823004794873,7.0,19.072411502397443,-2.0,0.0,38.14482300479487,2,27.5,16.5,44.0,11.0,27.5,-2.0,0.0,55.0,2,7.0,0.0,7.0,7.0,7.0,-3.0,0.0,7.0,1,42.246578408760534,7.982895010736903,50.229473419497445,34.26368339802363,42.246578408760534,-2.0,0.0,84.49315681752107,2,135.5,23.5,159.0,112.0,135.5,-2.0,0.0,271.0,2,,,,,,,,0.0,0,0.998,0.998,0.998,0.998
34,17.39170506955066,6.166732909228835,23.558437978779487,11.224972160321824,17.39170506955066,-2.0,-4.2418257374401053e-16,34.78341013910132,2,23.5,5.5,29.0,18.0,23.5,-2.0,0.0,47.0,2,11.224972160321824,0.0,11.224972160321824,11.224972160321824,11.224972160321824,-3.0,0.0,11.224972160321824,1,48.484225433109216,2.505969702818625,50.99019513592785,45.978255730290606,48.484225433109216,-2.0,0.0,96.96845086621843,2,188.0,8.0,196.0,180.0,188.0,-2.0,0.0,376.0,2,,,,,,,,0.0,0,0.994,-2.000000000000001,0.994,0.994
35,11.842305313406165,6.185451063913781,18.027756377319946,5.656854249492381,11.842305313406165,-2.0,1.2009808129771708e-16,23.68461062681233,2,16.5,8.5,25.0,8.0,16.5,-2.0,0.0,33.0,2,5.656854249492381,0.0,5.656854249492381,5.656854249492381,5.656854249492381,-3.0,0.0,5.656854249492381,1,34.821381063543924,12.844120087708015,47.66550115125194,21.97726097583591,34.821381063543924,-2.0,0.0,69.64276212708785,2,115.5,36.5,152.0,79.0,115.5,-2.0,0.0,231.0,2,,,,,,,,0.0,0,0.985,-1.002,0.987,-2.000000000000001
36,5.0,5.0,10.0,0.0,5.0,-2.0,0.0,10.0,2,5.0,5.0,10.0,0.0,5.0,-2.0,0.0,10.0,2,0.0,0.0,0.0,0.0,0.0,-3.0,0.0,0.0,1,18.79012556344757,3.5257880409738247,22.315913604421397,15.264337522473747,18.79012556344757,-2.0,7.295148158452243e-16,37.58025112689514,2,71.5,12.5,84.0,59.0,71.5,-2.0,0.0,143.0,2,,,,,,,,0.0,0,0.989,0.985,0.989,0.987
37,21.344586764279786,6.512189790088455,27.85677655436824,14.832396974191324,21.344586764279786,-2.0,0.0,42.68917352855957,2,42.0,12.0,54.0,30.0,42.0,-2.0,0.0,84.0,2,,,,,,,,0.0,0,43.904928020448494,12.504291084233325,56.40921910468182,31.40063693621516,43.904928020448494,-2.0,-8.140685880999772e-16,87.80985604089699,2,196.0,48.0,244.0,148.0,196.0,-2.0,0.0,392.0,2,,,,,,,,0.0,0,0.999,0.999,0.999,0.999
38,17.783484217284844,4.329860170211137,22.11334438749598,13.45362404707371,17.783484217284844,-2.0,1.1379205540237474e-15,35.56696843456969,2,27.0,8.0,35.0,19.0,27.0,-2.0,0.0,54.0,2,,,,,,,,0.0,0,37.30292477361851,13.0954878997981,50.39841267341661,24.20743687382041,37.30292477361851,-2.0,5.062268027142376e-16,74.60584954723701,2,123.0,41.0,164.0,82.0,123.0,-2.0,0.0,246.0,2,,,,,,,,0.0,0,0.992,0.99,0.992,-2.000000000000001
39,8.56448384553831,1.284373956257793,9.848857801796104,7.280109889280517,8.56448384553831,-2.0,1.0480107889224402e-15,17.12896769107662,2,11.0,2.0,13.0,9.0,11.0,-2.0,0.0,22.0,2,7.280109889280517,0.0,7.280109889280517,7.280109889280517,7.280109889280517,-3.0,0.0,7.280109889280517,1,37.48994937527476,13.07683814380736,50.56678751908213,24.413111231467404,37.48994937527476,-2.0,9.151124131805692e-16,74.97989875054952,2,126.5,52.5,179.0,74.0,126.5,-2.0,0.0,253.0,2,,,,,,,,0.0,0,0.993,0.993,0.995,0.993
40,14.459125288234002,3.5963447970337867,18.05547008526779,10.862780491200215,14.459125288234002,-2.0,0.0,28.918250576468004,2,23.0,7.0,30.0,16.0,23.0,-2.0,0.0,46.0,2,10.862780491200215,0.0,10.862780491200215,10.862780491200215,10.862780491200215,-3.0,0.0,10.862780491200215,1,28.099361337353304,7.411200471776103,35.510561809129406,20.688160865577203,28.099361337353304,-2.0,0.0,56.19872267470661,2,84.5,26.5,111.0,58.0,84.5,-2.0,0.0,169.0,2,,,,,,,,0.0,0,0.994,0.994,0.994,0.994
41,15.244484699648984,4.427830873257016,19.672315572906,10.816653826391967,15.244484699648984,-2.0,-5.729479522354508e-16,30.488969399297968,2,20.0,5.0,25.0,15.0,20.0,-2.0,0.0,40.0,2,10.816653826391967,0.0,10.816653826391967,10.816653826391967,10.816653826391967,-3.0,0.0,10.816653826391967,1,39.82357893977406,2.140691576940512,41.96427051671457,37.68288736283355,39.82357893977406,-2.0,0.0,79.64715787954812,2,143.5,9.5,153.0,134.0,143.5,-2.0,0.0,287.0,2,,,,,,,,0.0,0,0.994,0.992,0.994,0.994
42,9.253795833874358,2.6205462531635586,11.874342087037913,6.6332495807108,9.253795833874358,-2.0,0.0,18.50759166774872,2,13.5,3.5,17.0,10.0,13.5,-2.0,0.0,27.0,2,6.6332495807108,0.0,6.6332495807108,6.6332495807108,6.6332495807108,-3.0,0.0,6.6332495807108,1,26.1307386113328,11.031069740791297,37.1618083521241,15.099668870541501,26.1307386113328,-2.0,0.0,52.2614772226656,2,109.5,43.5,153.0,66.0,109.5,-2.0,0.0,219.0,2,,,,,,,,0.0,0,0.995,0.995,0.995,0.995
43,10.2955155993741,0.048564833414501685,10.3440804327886,10.246950765959598,10.2955155993741,-2.0,5.490002682044217e-14,20.5910311987482,2,17.0,0.0,17.0,17.0,17.0,-3.0,0.0,34.0,2,,,,,,,,0.0,0,26.515568770583762,2.7248142638431267,29.24038303442689,23.79075450674064,26.515568770583762,-2.0,1.843906074303201e-15,53.031137541167524,2,122.5,12.5,135.0,110.0,122.5,-2.0,0.0,245.0,2,,,,,,,,0.0,0,0.99,-1.001,0.99,0.989
44,10.220153254455276,0.22015325445527534,10.44030650891055,10.0,10.220153254455276,-2.0,-1.2030582230751981e-14,20.440306508910552,2,11.5,1.5,13.0,10.0,11.5,-2.0,0.0,23.0,2,,,,,,,,0.0,0,38.521145211692,12.025862612708455,50.54700782440045,26.49528259898354,38.521145211692,-2.0,-4.575720752236988e-16,77.04229042338397,2,174.5,56.5,231.0,118.0,174.5,-2.0,0.0,349.0,2,,,,,,,,0.0,0,0.998,0.998,0.998,0.998
45,19.876655705693523,6.2384740087076676,26.115129714401192,13.638181696985855,19.876655705693523,-2.0000000000000004,4.0971619366138965e-16,39.753311411387045,2,31.0,9.0,40.0,22.0,31.0,-2.0,0.0,62.0,2,,,,,,,,0.0,0,56.10145224002903,20.11534380913588,76.21679604916491,35.986108430893154,56.10145224002903,-2.0,5.58711741296968e-16,112.20290448005808,2,254.0,89.0,343.0,165.0,254.0,-2.0,0.0,508.0,2,,,,,,,,0.0,0,0.988,-1.0,0.99,0.99
46,5.5,0.5,6.0,5.0,5.5,-2.0,0.0,11.0,2,5.5,0.5,6.0,5.0,5.5,-2.0,0.0,11.0,2,5.5,0.5,6.0,5.0,5.5,-2.0,0.0,11.0,2,28.986604034131414,0.5261050926159996,29.512709126747406,28.46049894151541,28.986604034131414,-2.0,0.0,57.97320806826283,2,142.5,2.5,145.0,140.0,142.5,-2.0,0.0,285.0,2,,,,,,,,0.0,0,0.99,-1.001,0.99,0.99
47,14.655530291052074,5.1686973105469365,19.824227601599013,9.486832980505136,14.655530291052074,-2.0,0.0,29.311060582104147,2,23.5,7.5,31.0,16.0,23.5,-2.0,0.0,47.0,2,,,,,,,,0.0,0,35.272310426562754,13.317812026462608,48.59012245302537,21.95449840010015,35.272310426562754,-2.0,7.700723442675196e-16,70.54462085312551,2,131.5,51.5,183.0,80.0,131.5,-2.0,0.0,263.0,2,,,,,,,,0.0,0,0.99,-2.000000000000001,0.99,-2.000000000000001
48,7.376106779867044,0.30503896800156616,7.681145747868607,7.071067811865476,7.376106779867044,-2.0,-4.339329567756903e-15,14.752213559734088,2,11.5,0.5,12.0,11.0,11.5,-2.0,0.0,23.0,2,,,,,,,,0.0,0,19.295630140987,1.2956301409870008,20.591260281974,18.0,19.295630140987,-2.0,0.0,38.591260281974,2,62.0,4.0,66.0,58.0,62.0,-2.0,0.0,124.0,2,,,,,,,,0.0,0,0.995,0.997,0.997,0.997
49,15.732110528169095,12.569832868000715,28.30194339616981,3.1622776601683795,15.732110528169095,-2.0,1.7172871945736217e-16,31.46422105633819,2,21.5,17.5,39.0,4.0,21.5,-2.0,0.0,43.0,2,3.1622776601683795,0.0,3.1622776601683795,3.1622776601683795,3.1622776601683795,-3.0,0.0,3.1622776601683795,1,26.104054051025077,7.910648652364824,34.0147027033899,18.193405398660254,26.104054051025077,-2.0,0.0,52.208108102050154,2,59.0,22.0,81.0,37.0,59.0,-2.0,0.0,118.0,2,,,,,,,,0.0,0,0.981,0.975,0.983,-2.000000000000001
50,12.64744543608191,8.06486974112607,20.71231517720798,4.58257569495584,12.64744543608191,-2.0,0.0,25.29489087216382,2,22.0,15.0,37.0,7.0,22.0,-2.0,0.0,44.0,2,4.58257569495584,0.0,4.58257569495584,4.58257569495584,4.58257569495584,-3.0,0.0,4.58257569495584,1,63.42547382214263,7.98180871962618,71.40728254176881,55.44366510251645,63.42547382214263,-2.0,0.0,126.85094764428526,2,284.5,38.5,323.0,246.0,284.5,-2.0,0.0,569.0,2,,,,,,,,0.0,0,0.997,0.997,0.997,0.997
51,10.519503115614805,2.7092534397081494,13.228756555322953,7.810249675906653,10.519503115614805,-2.0,0.0,21.03900623122961,2,20.0,5.0,25.0,15.0,20.0,-2.0,0.0,40.0,2,7.810249675906653,0.0,7.810249675906653,7.810249675906653,7.810249675906653,-3.0,0.0,7.810249675906653,1,31.47563445240789,9.888601307484985,41.36423575989287,21.587033144922906,31.47563445240789,-2.0,-4.702898180501291e-16,62.95126890481578,2,137.5,45.5,183.0,92.0,137.5,-2.0,0.0,275.0,2,,,,,,,,0.0,0,0.998,0.996,0.998,0.998
52,17.270840565346365,8.439079699018517,25.709920264364875,8.831760866327848,17.270840565346365,-2.0,0.0,34.54168113069273,2,28.5,12.5,41.0,16.0,28.5,-2.0,0.0,57.0,2,,,,,,,,0.0,0,48.865048864708,17.210665282019168,66.07571414672717,31.654383582688823,48.865048864708,-2.0,2.6760760872095943e-16,97.730097729416,2,236.0,84.0,320.0,152.0,236.0,-2.0,0.0,472.0,2,,,,,,,,0.0,0,0.996,-2.000000000000001,0.996,0.996
53,17.892730663762514,1.8303522595535051,19.723082923316017,16.06237840420901,17.892730663762514,-2.0,2.8968511038631e-15,35.78546132752503,2,37.5,3.5,41.0,34.0,37.5,-2.0,0.0,75.0,2,,,,,,,,0.0,0,48.37138617134889,4.920264206548026,53.29165037789691,43.45112196480086,48.37138617134889,-2.0,0.0,96.74277234269778,2,211.0,25.0,236.0,186.0,211.0,-2.0,0.0,422.0,2,,,,,,,,0.0,0,0.99,0.988,0.99,-2.000000000000001
54,9.476709231433551,5.117810287892875,14.594519519326425,4.358898943540674,9.476709231433551,-2.0,-3.1804524372608364e-16,18.953418462867102,2,16.0,9.0,25.0,7.0,16.0,-2.0,0.0,32.0,2,4.358898943540674,0.0,4.358898943540674,4.358898943540674,4.358898943540674,-3.0,0.0,4.358898943540674,1,25.31407962031561,5.718161678050189,31.032241298365804,19.595917942265423,25.31407962031561,-2.0,9.880848940972704e-16,50.62815924063122,2,70.5,14.5,85.0,56.0,70.5,-2.0,0.0,141.0,2,,,,,,,,0.0,0,0.997,0.997,0.997,0.997
55,14.04288112946566,7.3346771969662905,21.37755832643195,6.708203932499369,14.04288112946566,-2.0,0.0,28.08576225893132,2,23.0,14.0,37.0,9.0,23.0,-2.0,0.0,46.0,2,6.708203932499369,0.0,6.708203932499369,6.708203932499369,6.708203932499369,-3.0,0.0,6.708203932499369,1,38.82127439177057,1.5519840846021251,40.373258476372705,37.269290307168454,38.82127439177057,-2.0,0.0,77.64254878354114,2,149.5,6.5,156.0,143.0,149.5,-2.0,0.0,299.0,2,,,,,,,,0.0,0,0.9890000000000001,-2.000000000000001,0.9890000000000001,0.987
56,13.016139700317108,4.071867790317952,17.08800749063506,8.94427190999916,13.016139700317108,-2.0,0.0,26.032279400634216,2,17.0,5.0,22.0,12.0,17.0,-2.0,0.0,34.0,2,,,,,,,,0.0,0,31.017994675224195,9.994198633595557,41.012193308819754,21.02379604162864,31.017994675224195,-2.0,5.124821814797519e-16,62.03598935044839,2,103.0,35.0,138.0,68.0,103.0,-2.0,0.0,206.0,2,,,,,,,,0.0,0,0.987,-1.001,0.987,-2.000000000000001
57,12.01524327119956,1.6229384257862955,13.638181696985855,10.392304845413264,12.01524327119956,-2.0,1.6622030494255327e-15,24.03048654239912,2,18.0,4.0,22.0,14.0,18.0,-2.0,0.0,36.0,2,,,,,,,,0.0,0,40.13782638250909,6.0790536506562844,46.21688003316538,34.058772731852805,40.13782638250909,-2.0,0.0,80.27565276501818,2,173.0,37.0,210.0,136.0,173.0,-2.0,0.0,346.0,2,,,,,,,,0.0,0,0.993,0.993,0.995,0.995
58,6.043954530431744,1.5718185754321643,7.6157731058639095,4.47213595499958,6.043954530431744,-2.0,0.0,12.087909060863488,2,8.0,2.0,10.0,6.0,8.0,-2.0,0.0,16.0,2,4.47213595499958,0.0,4.47213595499958,4.47213595499958,4.47213595499958,-3.0,0.0,4.47213595499958,1,22.86167935656967,1.1591449423589602,24.020824298928627,21.702534414210707,22.86167935656967,-2.0,0.0,45.723358713139326,2,90.0,5.0,95.0,85.0,90.0,-2.0,0.0,180.0,2,,,,,,,,0.0,0,0.996,0.996,0.996,0.9940000000000001
59,12.679942827440223,1.104105924649998,13.784048752090223,11.575836902790224,12.679942827440223,-2.0,0.0,25.359885654880447,2,24.0,0.0,24.0,24.0,24.0,-3.0,0.0,48.0,2,,,,,,,,0.0,0,27.5613521861265,2.621424359446644,30.18277654557314,24.93992782667985,27.5613521861265,-2.0,-2.070796941577789e-15,55.122704372253,2,110.5,6.5,117.0,104.0,110.5,-2.0,0.0,221.0,2,,,,,,,,0.0,0,0.9940000000000001,0.997,0.997,0.995
60,22.232901319275093,4.711485851339863,26.944387170614963,17.52141546793523,22.232901319275093,-2.0,1.1549560319637324e-15,44.46580263855019,2,36.5,3.5,40.0,33.0,36.5,-2.0,0.0,73.0,2,,,,,,,,0.0,0,72.08527570808518,27.824683755423738,99.90995946350893,44.26059195266146,72.08527570808518,-2.0,7.599446597801309e-16,144.17055141617035,2,345.5,134.5,480.0,211.0,345.5,-2.0,0.0,691.0,2,,,,,,,,0.0,0,0.995,0.995,0.995,0.995
61,8.495737322466969,2.412974792168747,10.908712114635714,6.0827625302982185,8.495737322466969,-2.0,-5.057452923962809e-16,16.991474644933938,2,16.0,5.0,21.0,11.0,16.0,-2.0,0.0,32.0,2,6.0827625302982185,0.0,6.0827625302982185,6.0827625302982185,6.0827625302982185,-3.0,0.0,6.0827625302982185,1,26.64889156509222,6.351108434907781,33.0,20.297783130184442,26.64889156509222,-2.0,-7.766040518463532e-16,53.29778313018444,2,102.5,24.5,127.0,78.0,102.5,-2.0,0.0,205.0,2,,,,,,,,0.0,0,0.998,0.998,0.998,0.998
62,18.554743814768514,13.972168119812672,32.526911934581186,4.58257569495584,18.554743814768514,-2.0,-3.3343314250466266e-16,37.10948762953703,2,36.5,27.5,64.0,9.0,36.5,-2.0,0.0,73.0,2,4.58257569495584,0.0,4.58257569495584,4.58257569495584,4.58257569495584,-3.0,0.0,4.58257569495584,1,30.94864763821634,15.10566812046148,46.05431575867782,15.84297951775486,30.94864763821634,-2.0,3.29830163527425e-16,61.89729527643268,2,123.0,60.0,183.0,63.0,123.0,-2.0,0.0,246.0,2,,,,,,,,0.0,0,0.9990000000000001,0.9990000000000001,0.9990000000000001,0.9990000000000001
63,3.5,0.5,4.0,3.0,3.5,-2.0,0.0,7.0,2,3.5,0.5,4.0,3.0,3.5,-2.0,0.0,7.0,2,3.5,0.5,4.0,3.0,3.5,-2.0,0.0,7.0,2,22.77775339224215,0.4170736172442524,23.19482700948641,22.36067977499789,22.77775339224215,-2.0,0.0,45.5555067844843,2,64.0,4.0,68.0,60.0,64.0,-2.0,0.0,128.0,2,,,,,,,,0.0,0,0.9940000000000001,0.9940000000000001,0.9940000000000001,0.992
64,12.0,9.0,21.0,3.0,12.0,-2.0,0.0,24.0,2,12.0,9.0,21.0,3.0,12.0,-2.0,0.0,24.0,2,3.0,0.0,3.0,3.0,3.0,-3.0,0.0,3.0,1,32.55963342738715,17.229923710631258,49.78955713801841,15.329709716755893,32.55963342738715,-2.0,5.334225419294316e-16,65.1192668547743,2,98.0,53.0,151.0,45.0,98.0,-2.0,0.0,196.0,2,,,,,,,,0.0,0,0.977,-1.001,0.977,-2.000000000000001
65,8.379248856714947,4.773697581250958,13.152946437965904,3.6055512754639887,8.379248856714947,-2.0,5.878520074964553e-16,16.758497713429893,2,10.0,5.0,15.0,5.0,10.0,-2.0,0.0,20.0,2,3.6055512754639887,0.0,3.6055512754639887,3.6055512754639887,3.6055512754639887,-3.0,0.0,3.6055512754639887,1,40.48040078333658,23.36315801471289,63.84355879804947,17.11724276862369,40.48040078333658,-2.0,4.992333327310762e-16,80.96080156667315,2,163.5,94.5,258.0,69.0,163.5,-2.0,0.0,327.0,2,,,,,,,,0.0,0,0.997,0.997,0.997,0.997
66,14.150971698084906,4.716990566028302,18.867962264113206,9.433981132056603,14.150971698084906,-2.0,-5.416081212114163e-16,28.30194339616981,2,19.5,6.5,26.0,13.0,19.5,-2.0,0.0,39.0,2,9.433981132056603,0.0,9.433981132056603,9.433981132056603,9.433981132056603,-3.0,0.0,9.433981132056603,1,29.0515506422937,0.08605392637322673,29.13760456866693,28.96549671592048,29.0515506422937,-2.0,-6.192978680603781e-14,58.1031012845874,2,88.0,3.0,91.0,85.0,88.0,-2.0,0.0,176.0,2,,,,,,,,0.0,0,0.986,-2.000000000000001,0.986,-2.000000000000001
67,9.2496225600717,2.1081941315288484,11.357816691600547,7.14142842854285,9.2496225600717,-2.0,-1.2322867218291016e-15,18.4992451201434,2,13.0,2.0,15.0,11.0,13.0,-2.0,0.0,26.0,2,7.14142842854285,0.0,7.14142842854285,7.14142842854285,7.14142842854285,-3.0,0.0,7.14142842854285,1,24.99617831117857,1.48022627856888,26.47640458974745,23.515952032609693,24.99617831117857,-2.0,-3.4916127569185683e-15,49.99235662235715,2,63.0,2.0,65.0,61.0,63.0,-2.0,0.0,126.0,2,,,,,,,,0.0,0,0.998,0.996,0.998,0.998
68,21.151418653444747,0.3427666067599322,21.494185260204677,20.808652046684813,21.151418653444747,-2.0,1.55073375757077e-14,42.302837306889494,2,34.5,3.5,38.0,31.0,34.5,-2.0,0.0,69.0,2,,,,,,,,0.0,0,49.33084152927756,2.8227777123436266,52.153619241621186,46.508063816933934,49.33084152927756,-2.0,3.711915072910985e-15,98.66168305855513,2,193.5,10.5,204.0,183.0,193.5,-2.0,0.0,387.0,2,,,,,,,,0.0,0,0.9940000000000001,0.9940000000000001,0.9940000000000001,0.9940000000000001
69,2.0,1.0,3.0,1.0,2.0,-2.0,0.0,4.0,2,2.0,1.0,3.0,1.0,2.0,-2.0,0.0,4.0,2,2.0,1.0,3.0,1.0,2.0,-2.0,0.0,4.0,2,48.11449205726215,3.741076592594556,51.85556864985669,44.37341546466758,48.11449205726215,-2.0,-2.849834890259819e-15,96.2289841145243,2,203.0,16.0,219.0,187.0,203.0,-2.0,0.0,406.0,2,,,,,,,,0.0,0,0.995,0.995,0.997,0.997
70,19.904661098267386,8.590952599282629,28.49561369755001,11.31370849898476,19.904661098267386,-2.0,2.689536713911238e-16,39.80932219653477,2,29.0,13.0,42.0,16.0,29.0,-2.0,0.0,58.0,2,,,,,,,,0.0,0,50.2774544717979,22.873075259708468,73.15052973150638,27.40437921208944,50.2774544717979,-2.0,3.0400903297755486e-16,100.5549089435958,2,237.0,108.0,345.0,129.0,237.0,-2.0,0.0,474.0,2,,,,,,,,0.0,0,0.987,0.9890000000000001,0.9890000000000001,-2.000000000000001
71,15.0,2.0,17.0,13.0,15.0,-2.0,0.0,30.0,2,15.0,2.0,17.0,13.0,15.0,-2.0,0.0,30.0,2,,,,,,,,0.0,0,37.81868311100133,9.340621379205047,47.15930449020639,28.478061731796284,37.81868311100133,-2.0,-6.27762537549393e-16,75.63736622200267,2,142.5,41.5,184.0,101.0,142.5,-2.0,0.0,285.0,2,,,,,,,,0.0,0,-2.000000000000001,-1.003,-2.000000000000001,-2.000000000000001
72,11.508855181399731,4.80065124890036,16.30950643030009,6.708203932499369,11.508855181399731,-2.0,0.0,23.017710362799463,2,21.5,8.5,30.0,13.0,21.5,-2.0,0.0,43.0,2,,,,,,,,0.0,0,36.214909367866895,16.491826444550867,52.706735812417755,19.723082923316017,36.214909367866895,-2.0,0.0,72.42981873573379,2,168.5,73.5,242.0,95.0,168.5,-2.0,0.0,337.0,2,,,,,,,,0.0,0,0.993,-1.002,0.993,0.992
73,17.93207356966045,16.20002276209157,34.132096331752024,1.7320508075688772,17.93207356966045,-2.0,3.2088141066447834e-16,35.8641471393209,2,31.0,28.0,59.0,3.0,31.0,-2.0,0.0,62.0,2,1.7320508075688772,0.0,1.7320508075688772,1.7320508075688772,1.7320508075688772,-3.0,0.0,1.7320508075688772,1,44.37642409494221,28.69203695358407,73.06846104852627,15.684387141358124,44.37642409494221,-2.0,-3.850490257834236e-16,88.75284818988439,2,205.5,135.5,341.0,70.0,205.5,-2.0,0.0,411.0,2,,,,,,,,0.0,0,0.998,0.998,0.998,0.998
74,22.898743025026146,4.432557712406755,27.331300737432894,18.466185312619384,22.898743025026146,-2.0,0.0,45.79748605005229,2,37.0,10.0,47.0,27.0,37.0,-2.0,0.0,74.0,2,,,,,,,,0.0,0,36.538182195237155,7.7111115844380125,44.24929377967517,28.82707061079915,36.538182195237155,-2.0,1.4256964497085334e-15,73.07636439047431,2,119.5,28.5,148.0,91.0,119.5,-2.0,0.0,239.0,2,,,,,,,,0.0,0,0.976,-1.003,-2.000000000000001,-2.000000000000001
75,11.598760380934186,2.543375242796767,14.142135623730953,9.055385138137416,11.598760380934186,-2.0,0.0,23.197520761868372,2,15.0,5.0,20.0,10.0,15.0,-2.0,0.0,30.0,2,,,,,,,,0.0,0,31.783014185897354,11.633572506287468,43.41658669218482,20.149441679609886,31.783014185897354,-2.0,0.0,63.56602837179471,2,114.5,40.5,155.0,74.0,114.5,-2.0,0.0,229.0,2,,,,,,,,0.0,0,0.986,-1.001,0.99,-2.000000000000001
76,15.776472678623426,0.7764726786234242,16.55294535724685,15.0,15.776472678623426,-2.0,0.0,31.552945357246852,2,22.5,0.5,23.0,22.0,22.5,-2.0,0.0,45.0,2,,,,,,,,0.0,0,29.75731782543549,10.86287419774431,40.62019202317981,18.89444362769118,29.75731782543549,-2.0,5.321415701772409e-16,59.51463565087098,2,90.5,35.5,126.0,55.0,90.5,-2.0,0.0,181.0,2,,,,,,,,0.0,0,0.992,0.988,0.992,0.99
77,10.519202405202648,2.519202405202649,13.038404810405297,8.0,10.519202405202648,-2.0,1.055515538251447e-15,21.038404810405297,2,11.0,3.0,14.0,8.0,11.0,-2.0,0.0,22.0,2,8.0,0.0,8.0,8.0,8.0,-3.0,0.0,8.0,1,39.43212304801118,6.935969429467338,46.36809247747853,32.496153618543836,39.43212304801118,-2.0,1.5332083977092655e-15,78.86424609602236,2,140.0,24.0,164.0,116.0,140.0,-2.0,0.0,280.0,2,,,,,,,,0.0,0,0.992,0.992,0.992,0.99
78,16.573539800650007,7.79857541325788,24.372115213907882,8.77496438739212,16.573539800650007,-2.0,-2.9962246377730788e-16,33.147079601300014,2,25.5,10.5,36.0,15.0,25.5,-2.0,0.0,51.0,2,,,,,,,,0.0,0,39.18065511105515,20.877649893332034,60.058305004387186,18.303005217723125,39.18065511105515,-2.0,0.0,78.3613102221103,2,152.0,83.0,235.0,69.0,152.0,-2.0,0.0,304.0,2,,,,,,,,0.0,0,0.993,0.985,0.993,0.993
79,25.03996600350956,4.183312388895352,29.223278392404914,20.85665361461421,25.03996600350956,-2.0,0.0,50.07993200701912,2,48.5,9.5,58.0,39.0,48.5,-2.0,0.0,97.0,2,,,,,,,,0.0,0,51.168282582682146,15.043498846305257,66.2117814289874,36.124783736376884,51.168282582682146,-2.0,0.0,102.33656516536429,2,173.5,54.5,228.0,119.0,173.5,-2.0,0.0,347.0,2,,,,,,,,0.0,0,0.998,0.998,0.998,0.998
80,7.5,4.5,12.0,3.0,7.5,-2.0,0.0,15.0,2,7.5,4.5,12.0,3.0,7.5,-2.0,0.0,15.0,2,3.0,0.0,3.0,3.0,3.0,-3.0,0.0,3.0,1,21.996766042128232,2.37534917177965,24.372115213907882,19.621416870348586,21.996766042128232,-2.0,0.0,43.993532084256465,2,69.5,8.5,78.0,61.0,69.5,-2.0,0.0,139.0,2,,,,,,,,0.0,0,0.986,0.9840000000000001,0.986,0.986
81,19.038326138769712,2.2454705150230487,21.283796653792766,16.792855623746664,19.038326138769712,-2.0,2.3534197903799575e-15,38.076652277539424,2,34.5,6.5,41.0,28.0,34.5,-2.0,0.0,69.0,2,,,,,,,,0.0,0,39.58540526927776,0.9978425061282864,40.58324777540604,38.58756276314948,39.58540526927776,-2.0,0.0,79.17081053855553,2,146.0,5.0,151.0,141.0,146.0,-2.0,0.0,292.0,2,,,,,,,,0.0,0,0.993,0.99,0.993,0.993
82,5.216990566028302,4.216990566028302,9.433981132056603,1.0,5.216990566028302,-2.0,0.0,10.433981132056603,2,7.0,6.0,13.0,1.0,7.0,-2.0,0.0,14.0,2,1.0,0.0,1.0,1.0,1.0,-3.0,0.0,1.0,1,15.045100265407164,3.555974972331109,18.60107523773827,11.489125293076055,15.045100265407164,-2.0,0.0,30.09020053081433,2,53.0,13.0,66.0,40.0,53.0,-2.0,0.0,106.0,2,,,,,,,,0.0,0,0.996,0.996,0.996,0.9940000000000001
83,5.0,1.0,6.0,4.0,5.0,-2.0,0.0,10.0,2,5.0,1.0,6.0,4.0,5.0,-2.0,0.0,10.0,2,5.0,1.0,6.0,4.0,5.0,-2.0,0.0,10.0,2,18.452491069030984,5.148356373380912,23.60084744241189,13.30413469565007,18.452491069030984,-2.0,-9.372531407735345e-16,36.90498213806197,2,46.0,9.0,55.0,37.0,46.0,-2.0,0.0,92.0,2,,,,,,,,0.0,0,0.991,0.987,0.991,0.991
84,17.578372818221627,0.02844404343738205,17.606816861659013,17.54992877478424,17.578372818221627,-2.0,0.0,35.15674563644325,2,32.0,0.0,32.0,32.0,32.0,-3.0,0.0,64.0,2,,,,,,,,0.0,0,48.27297412481047,3.1176865053079226,51.39066063011839,45.155287619502545,48.27297412481047,-2.0,0.0,96.54594824962092,2,224.0,3.0,227.0,221.0,224.0,-2.0,0.0,448.0,2,,,,,,,,0.0,0,0.992,-2.000000000000001,0.992,0.992
85,9.333836129073774,0.6160382419924257,9.9498743710662,8.717797887081348,9.333836129073774,-2.0,0.0,18.667672258147547,2,14.5,0.5,15.0,14.0,14.5,-2.0,0.0,29.0,2,,,,,,,,0.0,0,29.567294647446083,2.697236962357275,32.264531609803356,26.87005768508881,29.567294647446083,-2.0,-1.991570046107514e-15,59.134589294892166,2,120.5,14.5,135.0,106.0,120.5,-2.0,0.0,241.0,2,,,,,,,,0.0,0,0.998,0.998,0.998,0.998
86,12.0,11.0,23.0,1.0,12.0,-2.0,0.0,24.0,2,12.0,11.0,23.0,1.0,12.0,-2.0,0.0,24.0,2,1.0,0.0,1.0,1.0,1.0,-3.0,0.0,1.0,1,67.08768724360142,18.200060997280158,85.28774824088157,48.887626246321275,67.08768724360142,-2.0,6.034504760153449e-16,134.17537448720284,2,327.0,89.0,416.0,238.0,327.0,-2.0,0.0,654.0,2,,,,,,,,0.0,0,0.977,-2.000000000000001,-2.000000000000001,-2.000000000000001
87,16.654251207394626,1.0657939392747269,17.720045146669353,15.588457268119896,16.654251207394626,-2.0,0.0,33.308502414789245,2,24.5,1.5,26.0,23.0,24.5,-2.0,0.0,49.0,2,,,,,,,,0.0,0,35.43440768694306,3.4500365035041054,38.884444190447155,31.98437118343895,35.43440768694306,-2.0,-3.114523687849619e-15,70.86881537388612,2,161.5,16.5,178.0,145.0,161.5,-2.0,0.0,323.0,2,,,,,,,,0.0,0,0.9890000000000001,0.987,0.9890000000000001,0.987
88,25.154605198039075,10.355956611090333,35.510561809129406,14.798648586948742,25.154605198039075,-2.0,-3.0708653537407834e-16,50.30921039607815,2,52.0,25.0,77.0,27.0,52.0,-2.0,0.0,104.0,2,,,,,,,,0.0,0,36.478305756758324,6.695760533087472,43.17406628984581,29.782545223670866,36.478305756758324,-2.0,7.574264074443632e-16,72.95661151351665,2,128.5,21.5,150.0,107.0,128.5,-2.0,0.0,257.0,2,,,,,,,,0.0,0,0.983,-1.001,0.986,-2.000000000000001
89,11.91184294813478,1.7629513830425625,13.674794331177347,10.148891565092221,11.91184294813478,-2.0,0.0,23.823685896269566,2,23.0,4.0,27.0,19.0,23.0,-2.0,0.0,46.0,2,,,,,,,,0.0,0,16.967344941179714,5.967344941179714,22.93468988235943,11.0,16.967344941179714,-2.0,0.0,33.93468988235943,2,46.5,17.5,64.0,29.0,46.5,-2.0,0.0,93.0,2,,,,,,,,0.0,0,0.9990000000000001,0.9990000000000001,0.9990000000000001,0.9990000000000001
90,10.42516977811516,3.7169658456157912,14.142135623730953,6.708203932499369,10.42516977811516,-2.0,0.0,20.85033955623032,2,14.5,5.5,20.0,9.0,14.5,-2.0,0.0,29.0,2,6.708203932499369,0.0,6.708203932499369,6.708203932499369,6.708203932499369,-3.0,0.0,6.708203932499369,1,33.45243910285665,8.332725728695708,41.78516483155236,25.11971337416094,33.45243910285665,-2.0,-7.859753322092992e-16,66.9048782057133,2,140.5,39.5,180.0,101.0,140.5,-2.0,0.0,281.0,2,,,,,,,,0.0,0,0.988,0.986,0.988,-2.000000000000001
91,6.961879205834059,0.17954922270879115,7.14142842854285,6.782329983125267,6.961879205834059,-2.0,7.417454159886351e-15,13.923758411668118,2,11.5,1.5,13.0,10.0,11.5,-2.0,0.0,23.0,2,,,,,,,,0.0,0,15.454141225860155,1.6338662647749036,17.08800749063506,13.820274961085255,15.454141225860155,-2.0,0.0,30.908282451720314,2,64.5,7.5,72.0,57.0,64.5,-2.0,0.0,129.0,2,,,,,,,,0.0,0,0.9990000000000001,0.998,0.9990000000000001,0.9990000000000001
92,20.442960246494554,12.6327105705879,33.07567081708245,7.810249675906653,20.442960246494554,-2.0,0.0,40.88592049298911,2,34.5,21.5,56.0,13.0,34.5,-2.0,0.0,69.0,2,7.810249675906653,0.0,7.810249675906653,7.810249675906653,7.810249675906653,-3.0,0.0,7.810249675906653,1,42.711316570805394,23.8168729431142,66.52818951391959,18.89444362769118,42.711316570805394,-2.0,-3.3660143126803033e-16,85.42263314161076,2,155.5,84.5,240.0,71.0,155.5,-2.0,0.0,311.0,2,,,,,,,,0.0,0,0.9840000000000001,-1.0,0.9840000000000001,-2.000000000000001
93,14.278179897445307,3.5543746026817,17.832554500127003,10.723805294763608,14.278179897445307,-2.0,0.0,28.556359794890607,2,24.5,5.5,30.0,19.0,24.5,-2.0,0.0,49.0,2,,,,,,,,0.0,0,20.29351657246145,1.293516572461451,21.587033144922906,19.0,20.29351657246145,-2.0,4.103781459733825e-15,40.5870331449229,2,54.5,3.5,58.0,51.0,54.5,-2.0,0.0,109.0,2,,,,,,,,0.0,0,0.998,0.998,0.998,0.998
94,3.9142135623730954,1.0857864376269049,5.0,2.8284271247461903,3.9142135623730954,-2.0,6.071206878441184e-16,7.828427124746191,2,4.5,0.5,5.0,4.0,4.5,-2.0,0.0,9.0,2,2.8284271247461903,0.0,2.8284271247461903,2.8284271247461903,2.8284271247461903,-3.0,0.0,2.8284271247461903,1,21.322877056888572,3.9159818713593566,25.238858928247925,17.406895185529212,21.322877056888572,-2.0,0.0,42.645754113777144,2,99.0,14.0,113.0,85.0,99.0,-2.0,0.0,198.0,2,,,,,,,,0.0,0,0.9990000000000001,0.9990000000000001,0.9990000000000001,0.9990000000000001
95,18.13956845939988,0.6753192628268998,18.814887722226782,17.464249196572982,18.13956845939988,-2.0,0.0,36.27913691879976,2,35.5,2.5,38.0,33.0,35.5,-2.0,0.0,71.0,2,,,,,,,,0.0,0,36.181087275566654,1.1953759064948564,37.37646318206153,34.9857113690718,36.181087275566654,-2.0,8.904659196613208e-15,72.36217455113331,2,130.5,10.5,141.0,120.0,130.5,-2.0,0.0,261.0,2,,,,,,,,0.0,0,0.991,-2.000000000000001,0.991,0.991
96,16.294052912302693,10.908888105168192,27.202941017470888,5.385164807134505,16.294052912302693,-2.0,0.0,32.588105824605385,2,25.5,16.5,42.0,9.0,25.5,-2.0,0.0,51.0,2,5.385164807134505,0.0,5.385164807134505,5.385164807134505,5.385164807134505,-3.0,0.0,5.385164807134505,1,46.00604511222933,13.617775630826037,59.62382074305536,32.38826948140329,46.00604511222933,-2.0,0.0,92.01209022445866,2,148.0,43.0,191.0,105.0,148.0,-2.0,0.0,296.0,2,,,,,,,,0.0,0,0.995,0.995,0.995,0.995
97,21.9164338901763,7.916433890176298,29.8328677803526,14.0,21.9164338901763,-2.0,-6.301647589839453e-16,43.8328677803526,2,28.0,14.0,42.0,14.0,28.0,-2.0,0.0,56.0,2,,,,,,,,0.0,0,35.98213525835729,5.982135258357285,41.96427051671457,30.0,35.98213525835729,-2.0,-1.7923188754721247e-15,71.96427051671458,2,97.5,13.5,111.0,84.0,97.5,-2.0,0.0,195.0,2,,,,,,,,0.0,0,0.978,-1.001,0.98,-2.000000000000001
98,13.271456261279134,5.0861034894066846,18.35755975068582,8.18535277187245,13.271456261279134,-2.0,5.400508147382546e-16,26.542912522558268,2,19.0,6.0,25.0,13.0,19.0,-2.0,0.0,38.0,2,,,,,,,,0.0,0,31.265621063931874,14.472765440185213,45.738386504117095,16.792855623746664,31.265621063931874,-2.0,3.7502102437084003e-16,62.53124212786375,2,115.0,61.0,176.0,54.0,115.0,-2.0,0.0,230.0,2,,,,,,,,0.0,0,0.998,0.998,0.998,0.998
99,4.935240796333875,1.7729631361654952,6.708203932499369,3.1622776601683795,4.935240796333875,-2.0,-3.98419978980481e-16,9.87048159266775,2,6.5,2.5,9.0,4.0,6.5,-2.0,0.0,13.0,2,3.1622776601683795,0.0,3.1622776601683795,3.1622776601683795,3.1622776601683795,-3.0,0.0,3.1622776601683795,1,25.72817719548812,1.0299991250311835,26.758176320519304,24.698178070456933,25.72817719548812,-2.0,-5.181671044371693e-15,51.45635439097624,2,98.0,2.0,100.0,96.0,98.0,-2.0,0.0,196.0,2,,,,,,,,0.0,0,0.997,0.997,0.997,0.997
100,20.0,6.0,26.0,14.0,20.0,-2.0,0.0,40.0,2,20.0,6.0,26.0,14.0,20.0,-2.0,0.0,40.0,2,,,,,,,,0.0,0,45.62070564036919,15.239790578442564,60.86049621881176,30.380915061926625,45.62070564036919,-2.0,2.569586111247758e-16,91.24141128073838,2,151.5,50.5,202.0,101.0,151.5,-2.0,0.0,303.0,2,,,,,,,,0.0,0,-2.000000000000001,-1.007,-2.000000000000001,-2.000000000000001
101,13.831046965302804,1.7894523865105059,15.620499351813306,12.041594578792296,13.831046965302804,-2.0,0.0,27.662093930605607,2,17.5,4.5,22.0,13.0,17.5,-2.0,0.0,35.0,2,,,,,,,,0.0,0,31.81836164461333,5.6649679833692925,37.483329627982634,26.15339366124404,31.81836164461333,-2.0,1.0161812391019569e-15,63.63672328922666,2,73.5,11.5,85.0,62.0,73.5,-2.0,0.0,147.0,2,,,,,,,,0.0,0,0.99,0.99,0.99,0.986
102,16.14517074124395,6.658337760738809,22.803508501982762,9.486832980505136,16.14517074124395,-2.0,0.0,32.2903414824879,2,22.0,10.0,32.0,12.0,22.0,-2.0,0.0,44.0,2,,,,,,,,0.0,0,31.68904191961688,5.727531948122537,37.416573867739416,25.96150997149434,31.68904191961688,-2.0,9.076091894611066e-16,63.37808383923375,2,90.0,18.0,108.0,72.0,90.0,-2.0,0.0,180.0,2,,,,,,,,0.0,0,0.978,-1.0,0.978,-2.000000000000001
103,7.3005630797457695,1.643708830253389,8.94427190999916,5.656854249492381,7.3005630797457695,-2.0,7.999918145680617e-16,14.601126159491539,2,10.0,2.0,12.0,8.0,10.0,-2.0,0.0,20.0,2,5.656854249492381,0.0,5.656854249492381,5.656854249492381,5.656854249492381,-3.0,0.0,5.656854249492381,1,27.218417150341963,2.039060526313621,29.257477676655586,25.179356624028344,27.218417150341963,-2.0,2.514323222376023e-15,54.43683430068393,2,96.0,2.0,98.0,94.0,96.0,-2.0,0.0,192.0,2,,,,,,,,0.0,0,0.989,0.991,0.993,0.993
104,0.5,0.5,1.0,0.0,0.5,-2.0,0.0,1.0,2,0.5,0.5,1.0,0.0,0.5,-2.0,0.0,1.0,2,0.5,0.5,1.0,0.0,0.5,-2.0,0.0,1.0,2,16.06330619948809,2.910359761522185,18.973665961010283,13.152946437965904,16.06330619948809,-2.0,1.7294237646859909e-15,32.12661239897618,2,39.5,4.5,44.0,35.0,39.5,-2.0,0.0,79.0,2,,,,,,,,0.0,0,1.0,1.0,1.0,1.0
105,14.996672872289604,4.701042731302604,19.697715603592208,10.295630140987,14.996672872289604,-2.0,0.0,29.99334574457921,2,25.0,9.0,34.0,16.0,25.0,-2.0,0.0,50.0,2,,,,,,,,0.0,0,17.449506965025588,5.7021668405548604,23.151673805580447,11.74734012447073,17.449506965025588,-2.0,-3.8323965722308493e-16,34.899013930051176,2,52.0,18.0,70.0,34.0,52.0,-2.0,0.0,104.0,2,,,,,,,,0.0,0,0.976,-1.001,0.988,-2.000000000000001
106,15.851275354248646,2.176481023071301,18.027756377319946,13.674794331177347,15.851275354248646,-2.0,-1.292191325479948e-15,31.70255070849729,2,21.0,2.0,23.0,19.0,21.0,-2.0,0.0,42.0,2,,,,,,,,0.0,0,30.80315053488977,8.286490036494364,39.08964057138414,22.516660498395403,30.80315053488977,-2.0,0.0,61.606301069779526,2,107.5,28.5,136.0,79.0,107.5,-2.0,0.0,215.0,2,,,,,,,,0.0,0,0.994,0.996,0.996,0.996
107,20.15964612746589,3.819511489097703,23.9791576165636,16.340134638368188,20.15964612746589,-2.0,0.0,40.31929225493179,2,32.0,7.0,39.0,25.0,32.0,-2.0,0.0,64.0,2,,,,,,,,0.0,0,50.61332040523092,1.3385804262112373,51.951900831442146,49.27473997901968,50.61332040523092,-2.0,0.0,101.22664081046184,2,200.5,10.5,211.0,190.0,200.5,-2.0,0.0,401.0,2,,,,,,,,0.0,0,0.994,0.992,0.994,0.994
108,18.3700218123427,2.2455063157456028,20.615528128088304,16.1245154965971,18.3700218123427,-2.0,2.4317508028087767e-15,36.7400436246854,2,22.5,4.5,27.0,18.0,22.5,-2.0,0.0,45.0,2,,,,,,,,0.0,0,50.424927388116075,2.6127950365883983,53.03772242470448,47.81213235152768,50.424927388116075,-2.0,4.083175454772811e-15,100.84985477623215,2,178.5,10.5,189.0,168.0,178.5,-2.0,0.0,357.0,2,,,,,,,,0.0,0,-2.000000000000001,-2.000000000000001,-2.000000000000001,-2.000000000000001
109,25.29342740773965,3.4989326900362836,28.79236009777593,21.794494717703373,25.29342740773965,-2.0,0.0,50.5868548154793,2,47.0,0.0,47.0,47.0,47.0,-3.0,0.0,94.0,2,,,,,,,,0.0,0,62.28348568135382,8.617854221358867,70.90133990271269,53.66563145999496,62.28348568135382,-2.0,0.0,124.56697136270763,2,285.5,31.5,317.0,254.0,285.5,-2.0,0.0,571.0,2,,,,,,,,0.0,0,0.992,0.992,0.994,0.994
110,7.5,6.5,14.0,1.0,7.5,-2.0,0.0,15.0,2,7.5,6.5,14.0,1.0,7.5,-2.0,0.0,15.0,2,1.0,0.0,1.0,1.0,1.0,-3.0,0.0,1.0,1,48.758010636184885,2.8559409660708788,51.61395160225575,45.902069670114,48.758010636184885,-2.0,3.736617248854331e-15,97.51602127236977,2,214.5,3.5,218.0,211.0,214.5,-2.0,0.0,429.0,2,,,,,,,,0.0,0,0.984,-2.000000000000001,0.986,-2.000000000000001
111,8.428267217688969,4.68660983091503,13.114877048603999,3.741657386773941,8.428267217688969,-2.0,0.0,16.856534435377938,2,16.0,10.0,26.0,6.0,16.0,-2.0,0.0,32.0,2,3.741657386773941,0.0,3.741657386773941,3.741657386773941,3.741657386773941,-3.0,0.0,3.741657386773941,1,26.314308093765284,3.249182904423685,29.563490998188964,23.065125189341593,26.314308093765284,-2.0,1.6571343213727893e-15,52.62861618753057,2,119.0,19.0,138.0,100.0,119.0,-2.0,0.0,238.0,2,,,,,,,,0.0,0,0.993,-1.0,0.993,0.993
112,17.567137440784858,5.9913005379946345,23.558437978779487,11.575836902790224,17.567137440784858,-2.0,-8.590139875050728e-16,35.134274881569716,2,34.5,12.5,47.0,22.0,34.5,-2.0,0.0,69.0,2,,,,,,,,0.0,0,22.590661241940513,3.6962176142493215,26.286878856189826,18.89444362769118,22.590661241940513,-2.0,-1.4774299746271465e-15,45.181322483881026,2,61.0,10.0,71.0,51.0,61.0,-2.0,0.0,122.0,2,,,,,,,,0.0,0,0.985,0.98,0.985,-2.000000000000001
113,8.3824115301167,6.3824115301167,14.7648230602334,2.0,8.3824115301167,-2.0,0.0,16.7648230602334,2,11.0,9.0,20.0,2.0,11.0,-2.0,0.0,22.0,2,2.0,0.0,2.0,2.0,2.0,-3.0,0.0,2.0,1,35.115343824360394,9.995630450199453,45.110974274559844,25.11971337416094,35.115343824360394,-2.0,-5.691799807169197e-16,70.23068764872079,2,159.0,54.0,213.0,105.0,159.0,-2.0,0.0,318.0,2,,,,,,,,0.0,0,0.994,-2.000000000000001,0.994,0.994
114,7.177374286209836,0.6966335878019754,7.874007874011811,6.4807406984078595,7.177374286209836,-2.0,0.0,14.354748572419672,2,11.0,1.0,12.0,10.0,11.0,-2.0,0.0,22.0,2,6.4807406984078595,0.0,6.4807406984078595,6.4807406984078595,6.4807406984078595,-3.0,0.0,6.4807406984078595,1,41.95595136073557,23.274409668466163,65.23036102920173,18.681541692269406,41.95595136073557,-2.0,0.0,83.91190272147114,2,190.0,105.0,295.0,85.0,190.0,-2.0,0.0,380.0,2,,,,,,,,0.0,0,1.0,1.0,1.0,1.0
115,2.2071067811865475,0.7928932188134524,3.0,1.4142135623730951,2.2071067811865475,-2.0,4.454470782971966e-16,4.414213562373095,2,2.5,0.5,3.0,2.0,2.5,-2.0,0.0,5.0,2,2.2071067811865475,0.7928932188134524,3.0,1.4142135623730951,2.2071067811865475,-2.0,4.454470782971966e-16,4.414213562373095,2,12.998136885158901,1.5963826341675222,14.594519519326425,11.401754250991381,12.998136885158901,-2.0,0.0,25.996273770317803,2,45.5,7.5,53.0,38.0,45.5,-2.0,0.0,91.0,2,,,,,,,,0.0,0,1.0,1.0,1.0,1.0
116,13.567094797493727,4.293476301998023,17.86057109949175,9.273618495495704,13.567094797493727,-2.0,0.0,27.13418959498745,2,26.5,8.5,35.0,18.0,26.5,-2.0,0.0,53.0,2,,,,,,,,0.0,0,17.058693817096238,5.656939566104858,22.715633383201087,11.401754250991381,17.058693817096238,-2.0,-4.710064261427744e-16,34.117387634192475,2,44.0,16.0,60.0,28.0,44.0,-2.0,0.0,88.0,2,,,,,,,,0.0,0,0.995,0.995,0.995,0.995
117,11.23589650156808,2.1805113634306608,13.41640786499874,9.055385138137416,11.23589650156808,-2.0,0.0,22.47179300313616,2,14.0,4.0,18.0,10.0,14.0,-2.0,0.0,28.0,2,9.055385138137416,0.0,9.055385138137416,9.055385138137416,9.055385138137416,-3.0,0.0,9.055385138137416,1,32.23715984879374,10.259898872957825,42.497058721751564,21.97726097583591,32.23715984879374,-2.0,-1.052642610234607e-15,64.47431969758748,2,95.5,32.5,128.0,63.0,95.5,-2.0,0.0,191.0,2,,,,,,,,0.0,0,0.994,0.992,0.994,0.99
118,15.555334121625595,1.5910940778566536,17.146428199482248,13.96424004376894,15.555334121625595,-2.0,-1.6537654037025089e-15,31.11066824325119,2,26.5,3.5,30.0,23.0,26.5,-2.0,0.0,53.0,2,,,,,,,,0.0,0,23.536590635166803,3.940672692901375,27.47726332806817,19.595917942265423,23.536590635166803,-2.0,1.393350431849027e-15,47.07318127033359,2,54.5,14.5,69.0,40.0,54.5,-2.0,0.0,109.0,2,,,,,,,,0.0,0,0.997,0.997,0.997,0.997
119,25.045248386914025,5.170641472562234,30.215889859476253,19.87460691435179,25.045248386914025,-2.0,-1.0279853458114896e-15,50.09049677382805,2,51.0,12.0,63.0,39.0,51.0,-2.0,0.0,102.0,2,,,,,,,,0.0,0,50.92036224971907,12.946687157624007,63.86704940734306,37.97367509209504,50.92036224971907,-2.0,0.0,101.84072449943814,2,169.5,47.5,217.0,122.0,169.5,-2.0,0.0,339.0,2,,,,,,,,0.0,0,0.987,-2.000000000000001,0.987,0.987
120,10.825720976741051,3.2099478708771447,14.035668847618199,7.6157731058639095,10.825720976741051,-2.0,8.593226447028643e-16,21.651441953482102,2,12.5,2.5,15.0,10.0,12.5,-2.0,0.0,25.0,2,,,,,,,,0.0,0,31.231969975950197,12.126996801407401,43.358966777357594,19.104973174542803,31.231969975950197,-2.0,0.0,62.46393995190039,2,106.5,49.5,156.0,57.0,106.5,-2.0,0.0,213.0,2,,,,,,,,0.0,0,0.993,0.991,0.993,0.989
121,13.362373040379529,3.667013325546872,17.029386365926403,9.69535971483266,13.362373040379529,-2.0,0.0,26.724746080759058,2,25.0,9.0,34.0,16.0,25.0,-2.0,0.0,50.0,2,,,,,,,,0.0,0,21.706760381140768,5.551265959737256,27.258026340878025,16.15549442140351,21.706760381140768,-2.0,-9.13769757377451e-16,43.413520762281536,2,75.0,20.0,95.0,55.0,75.0,-2.0,0.0,150.0,2,,,,,,,,0.0,0,0.999,0.999,0.999,0.999
122,17.353269591129695,6.353269591129697,23.706539182259394,11.0,17.353269591129695,-2.0,8.86642059677736e-16,34.70653918225939,2,21.5,10.5,32.0,11.0,21.5,-2.0,0.0,43.0,2,,,,,,,,0.0,0,48.709393680500895,10.578041750625658,59.287435431126546,38.13135192987524,48.709393680500895,-2.0,0.0,97.41878736100179,2,207.5,51.5,259.0,156.0,207.5,-2.0,0.0,415.0,2,,,,,,,,0.0,0,0.988,-1.0,0.99,-2.000000000000001
123,22.423248054111923,8.10542699083557,30.528675044947487,14.31782106327635,22.423248054111923,-2.0,3.2023865328000727e-16,44.846496108223846,2,29.5,12.5,42.0,17.0,29.5,-2.0,0.0,59.0,2,,,,,,,,0.0,0,52.656077053671595,9.101513572906457,61.757590626578036,43.55456348076513,52.656077053671595,-2.0,0.0,105.31215410734319,2,174.5,31.5,206.0,143.0,174.5,-2.0,0.0,349.0,2,,,,,,,,0.0,0,-2.000000000000001,-1.01,-2.000000000000001,-2.000000000000001
124,14.1619037896906,9.1619037896906,23.323807579381203,5.0,14.1619037896906,-2.0,0.0,28.323807579381203,2,18.5,13.5,32.0,5.0,18.5,-2.0,0.0,37.0,2,5.0,0.0,5.0,5.0,5.0,-3.0,0.0,5.0,1,34.35705922800789,15.462615600316708,49.8196748283246,18.89444362769118,34.35705922800789,-2.0,3.0751146196039836e-16,68.71411845601578,2,143.5,62.5,206.0,81.0,143.5,-2.0,0.0,287.0,2,,,,,,,,0.0,0,0.989,0.981,0.989,0.985
125,22.401438774457844,5.401438774457844,27.80287754891569,17.0,22.401438774457844,-2.0,0.0,44.80287754891569,2,34.0,5.0,39.0,29.0,34.0,-2.0,0.0,68.0,2,,,,,,,,0.0,0,47.86597360692281,7.703802350876405,55.569775957799216,40.162171256046406,47.86597360692281,-2.0,1.3675949234206728e-15,95.73194721384561,2,175.5,32.5,208.0,143.0,175.5,-2.0,0.0,351.0,2,,,,,,,,0.0,0,0.987,-1.0,0.987,-2.000000000000001
126,17.90338214881773,4.119333396727509,22.02271554554524,13.784048752090222,17.90338214881773,-2.0,0.0,35.80676429763546,2,26.5,4.5,31.0,22.0,26.5,-2.0,0.0,53.0,2,,,,,,,,0.0,0,51.43339209634455,21.785457935597364,73.21885003194191,29.647934160747187,51.43339209634455,-2.0,2.638890369130928e-16,102.8667841926891,2,222.0,91.0,313.0,131.0,222.0,-2.0,0.0,444.0,2,,,,,,,,0.0,0,-1.0,-1.0,-2.000000000000001,-2.000000000000001
127,5.5,0.5,6.0,5.0,5.5,-2.0,0.0,11.0,2,5.5,0.5,6.0,5.0,5.5,-2.0,0.0,11.0,2,5.5,0.5,6.0,5.0,5.5,-2.0,0.0,11.0,2,37.464028467073064,2.1086894077456897,39.57271787481876,35.35533905932738,37.464028467073064,-2.0,5.11512353830747e-15,74.92805693414613,2,169.0,13.0,182.0,156.0,169.0,-2.0,0.0,338.0,2,,,,,,,,0.0,0,-1.0,-1.0,-2.000000000000001,-2.000000000000001
128,13.5,5.5,19.0,8.0,13.5,-2.0,0.0,27.0,2,13.5,5.5,19.0,8.0,13.5,-2.0,0.0,27.0,2,8.0,0.0,8.0,8.0,8.0,-3.0,0.0,8.0,1,39.832374588818126,13.355969999070673,53.1883445878888,26.476404589747453,39.832374588818126,-2.0,0.0,79.66474917763625,2,156.0,45.0,201.0,111.0,156.0,-2.0,0.0,312.0,2,,,,,,,,0.0,0,-2.000000000000001,-1.001,-2.000000000000001,-2.000000000000001
129,2.0615528128088303,2.0615528128088303,4.123105625617661,0.0,2.0615528128088303,-2.0,0.0,4.123105625617661,2,2.5,2.5,5.0,0.0,2.5,-2.0,0.0,5.0,2,2.0615528128088303,2.0615528128088303,4.123105625617661,0.0,2.0615528128088303,-2.0,0.0,4.123105625617661,2,18.03927971477174,1.6076029896167583,19.6468827043885,16.431676725154983,18.03927971477174,-2.0,0.0,36.07855942954348,2,76.0,4.0,80.0,72.0,76.0,-2.0,0.0,152.0,2,,,,,,,,0.0,0,1.0,1.0,1.0,1.0
130,7.102061914375289,0.2464073139742453,7.3484692283495345,6.855654600401044,7.102061914375289,-2.0,0.0,14.204123828750578,2,12.5,1.5,14.0,11.0,12.5,-2.0,0.0,25.0,2,7.102061914375289,0.2464073139742453,7.3484692283495345,6.855654600401044,7.102061914375289,-2.0,0.0,14.204123828750578,2,14.42821533434076,1.3515185037187392,15.7797338380595,13.076696830622021,14.42821533434076,-1.9999999999999998,1.8888328712015727e-15,28.85643066868152,2,40.0,5.0,45.0,35.0,40.0,-2.0,0.0,80.0,2,,,,,,,,0.0,0,0.996,0.995,0.996,0.996
131,9.276787314438836,0.9701634515207616,10.246950765959598,8.306623862918075,9.276787314438836,-2.0,0.0,18.553574628877673,2,16.0,1.0,17.0,15.0,16.0,-2.0,0.0,32.0,2,,,,,,,,0.0,0,24.115780034409063,4.519862092143642,28.635642126552707,19.595917942265423,24.115780034409063,-2.0,1.1542660198517244e-15,48.231560068818126,2,102.0,18.0,120.0,84.0,102.0,-2.0,0.0,204.0,2,,,,,,,,0.0,0,0.998,0.998,0.998,0.998
132,8.14211763295579,3.8994769458365055,12.041594578792296,4.242640687119285,8.14211763295579,-2.0,3.5949461329788627e-16,16.28423526591158,2,11.5,5.5,17.0,6.0,11.5,-2.0,0.0,23.0,2,4.242640687119285,0.0,4.242640687119285,4.242640687119285,4.242640687119285,-3.0,0.0,4.242640687119285,1,43.699745803928494,11.172833869347304,54.872579673275794,32.526911934581186,43.699745803928494,-2.0,-8.96629137592519e-16,87.39949160785699,2,195.5,43.5,239.0,152.0,195.5,-2.0,0.0,391.0,2,,,,,,,,0.0,0,0.998,0.998,0.998,0.998
133,15.097735084989052,6.209540667673464,21.307275752662516,8.888194417315589,15.097735084989052,-2.0,0.0,30.195470169978105,2,26.5,11.5,38.0,15.0,26.5,-2.0,0.0,53.0,2,8.888194417315589,0.0,8.888194417315589,8.888194417315589,8.888194417315589,-3.0,0.0,8.888194417315589,1,26.691668573159212,0.2341554625133071,26.92582403567252,26.457513110645905,26.691668573159212,-2.0,0.0,53.383337146318425,2,93.5,4.5,98.0,89.0,93.5,-2.0,0.0,187.0,2,,,,,,,,0.0,0,0.991,0.997,0.997,0.997
134,6.5,0.5,7.0,6.0,6.5,-2.0,0.0,13.0,2,6.5,0.5,7.0,6.0,6.5,-2.0,0.0,13.0,2,6.0,0.0,6.0,6.0,6.0,-3.0,0.0,6.0,1,25.353354354881212,7.050349137158086,32.4037034920393,18.303005217723125,25.353354354881212,-2.0,0.0,50.706708709762424,2,97.5,32.5,130.0,65.0,97.5,-2.0,0.0,195.0,2,,,,,,,,0.0,0,0.988,-1.0,0.988,-2.000000000000001
135,11.5,9.5,21.0,2.0,11.5,-2.0,0.0,23.0,2,11.5,9.5,21.0,2.0,11.5,-2.0,0.0,23.0,2,2.0,0.0,2.0,2.0,2.0,-3.0,0.0,2.0,1,36.392211493263815,18.87079602532858,55.263007518592396,17.52141546793523,36.392211493263815,-1.9999999999999998,-2.706820818383399e-16,72.78442298652763,2,129.5,62.5,192.0,67.0,129.5,-2.0,0.0,259.0,2,,,,,,,,0.0,0,0.978,-1.002,0.978,-2.000000000000001
136,16.10723515310738,4.749418461506831,20.85665361461421,11.357816691600547,16.10723515310738,-2.0,0.0,32.21447030621476,2,29.0,6.0,35.0,23.0,29.0,-2.0,0.0,58.0,2,,,,,,,,0.0,0,25.29764940451644,9.328929981845128,34.62657938636157,15.968719422671311,25.29764940451644,-2.0,-2.800558710736497e-16,50.59529880903288,2,82.0,23.0,105.0,59.0,82.0,-2.0,0.0,164.0,2,,,,,,,,0.0,0,0.999,0.999,0.999,0.999
137,4.0,3.0,7.0,1.0,4.0,-2.0,0.0,8.0,2,4.0,3.0,7.0,1.0,4.0,-2.0,0.0,8.0,2,4.0,3.0,7.0,1.0,4.0,-2.0,0.0,8.0,2,32.42988011521803,16.905705418958007,49.33558553417604,15.524174696260024,32.42988011521803,-2.0,0.0,64.85976023043607,2,139.5,66.5,206.0,73.0,139.5,-2.0,0.0,279.0,2,,,,,,,,0.0,0,0.993,-1.0,0.993,0.991
138,14.5,5.5,20.0,9.0,14.5,-2.0,0.0,29.0,2,14.5,5.5,20.0,9.0,14.5,-2.0,0.0,29.0,2,9.0,0.0,9.0,9.0,9.0,-3.0,0.0,9.0,1,60.72458502371159,24.434090400463482,85.15867542417507,36.29049462324811,60.72458502371159,-2.0,0.0,121.44917004742318,2,257.5,96.5,354.0,161.0,257.5,-2.0,0.0,515.0,2,,,,,,,,0.0,0,-2.000000000000001,-1.006,-2.000000000000001,-2.000000000000001
139,5.0,2.0,7.0,3.0,5.0,-2.0,0.0,10.0,2,5.0,2.0,7.0,3.0,5.0,-2.0,0.0,10.0,2,5.0,2.0,7.0,3.0,5.0,-2.0,0.0,10.0,2,37.156058501217686,4.292705050907724,41.44876355212541,32.863353450309965,37.156058501217686,-1.9999999999999996,2.425274049050348e-15,74.31211700243537,2,149.0,15.0,164.0,134.0,149.0,-2.0,0.0,298.0,2,,,,,,,,0.0,0,0.991,0.985,0.991,0.991
140,21.585349224279085,3.4745789480042504,25.059928172283335,18.110770276274835,21.585349224279085,-2.0,0.0,43.17069844855817,2,27.0,7.0,34.0,20.0,27.0,-2.0,0.0,54.0,2,,,,,,,,0.0,0,63.8909877698418,0.970402902884306,64.8613906727261,62.92058486695749,63.8909877698418,-1.9999999999999998,-1.0995185176172803e-14,127.7819755396836,2,274.0,7.0,281.0,267.0,274.0,-2.0,0.0,548.0,2,,,,,,,,0.0,0,0.987,-2.000000000000001,0.987,0.987
141,4.972303821646824,1.8100261614784443,6.782329983125268,3.1622776601683795,4.972303821646824,-2.0,3.7444295965279997e-16,9.944607643293647,2,10.0,4.0,14.0,6.0,10.0,-2.0,0.0,20.0,2,4.972303821646824,1.8100261614784443,6.782329983125268,3.1622776601683795,4.972303821646824,-2.0,3.7444295965279997e-16,9.944607643293647,2,30.893938654973518,7.420549466362514,38.31448812133603,23.473389188611005,30.893938654973518,-1.9999999999999998,6.955718563744014e-16,61.787877309947035,2,149.5,34.5,184.0,115.0,149.5,-2.0,0.0,299.0,2,,,,,,,,0.0,0,0.999,0.999,0.999,0.999
142,14.32165848854662,2.3216584885466194,16.64331697709324,12.0,14.32165848854662,-2.0,0.0,28.64331697709324,2,28.5,2.5,31.0,26.0,28.5,-2.0,0.0,57.0,2,,,,,,,,0.0,0,19.732333986639432,0.36741725560234784,20.09975124224178,19.364916731037084,19.732333986639432,-2.0,0.0,39.464667973278864,2,55.5,6.5,62.0,49.0,55.5,-2.0,0.0,111.0,2,,,,,,,,0.0,0,0.995,0.995,0.995,0.995
143,5.5,4.5,10.0,1.0,5.5,-2.0,0.0,11.0,2,5.5,4.5,10.0,1.0,5.5,-2.0,0.0,11.0,2,5.5,4.5,10.0,1.0,5.5,-2.0,0.0,11.0,2,24.20182185193087,5.980954693642271,30.18277654557314,18.2208671582886,24.20182185193087,-2.0,0.0,48.40364370386174,2,64.5,22.5,87.0,42.0,64.5,-2.0,0.0,129.0,2,,,,,,,,0.0,0,0.98,0.988,0.99,0.99
144,6.5,5.5,12.0,1.0,6.5,-2.0,0.0,13.0,2,6.5,5.5,12.0,1.0,6.5,-2.0,0.0,13.0,2,1.0,0.0,1.0,1.0,1.0,-3.0,0.0,1.0,1,30.13299452671015,7.483491220897902,37.61648574760805,22.64950330581225,30.13299452671015,-2.0,6.781682205788891e-16,60.2659890534203,2,105.0,28.0,133.0,77.0,105.0,-2.0,0.0,210.0,2,,,,,,,,0.0,0,0.986,-1.0,0.988,-2.000000000000001
145,12.542301852022687,5.262191962742169,17.804493814764857,7.280109889280518,12.542301852022687,-1.9999999999999998,2.9257781576825035e-16,25.084603704045374,2,17.0,8.0,25.0,9.0,17.0,-2.0,0.0,34.0,2,7.280109889280518,0.0,7.280109889280518,7.280109889280518,7.280109889280518,-3.0,0.0,7.280109889280518,1,31.122343879461212,2.6267301819111992,33.74907406137241,28.495613697550013,31.122343879461212,-2.0,0.0,62.244687758922424,2,127.5,11.5,139.0,116.0,127.5,-2.0,0.0,255.0,2,,,,,,,,0.0,0,0.983,-2.000000000000001,0.983,-2.000000000000001
146,5.242092160363644,0.14307264677085962,5.385164807134504,5.0990195135927845,5.242092160363644,-2.0,9.403167134064774e-15,10.484184320727287,2,6.5,0.5,7.0,6.0,6.5,-2.0,0.0,13.0,2,5.242092160363644,0.14307264677085962,5.385164807134504,5.0990195135927845,5.242092160363644,-2.0,9.403167134064774e-15,10.484184320727287,2,28.37243060821674,5.745013610247218,34.11744421846396,22.627416997969522,28.37243060821674,-2.0,8.244032570830208e-16,56.74486121643348,2,125.0,25.0,150.0,100.0,125.0,-2.0,0.0,250.0,2,,,,,,,,0.0,0,0.995,0.994,0.995,0.995
147,15.806623862918075,0.8066238629180749,16.61324772583615,15.0,15.806623862918075,-2.0,0.0,31.61324772583615,2,23.5,8.5,32.0,15.0,23.5,-2.0,0.0,47.0,2,,,,,,,,0.0,0,40.45165482522992,5.537474325037746,45.98912915026767,34.91418050019218,40.45165482522992,-1.9999999999999998,2.008612977864886e-15,80.90330965045985,2,182.0,29.0,211.0,153.0,182.0,-2.0,0.0,364.0,2,,,,,,,,0.0,0,0.996,0.996,0.996,0.994
148,17.81302358923933,5.403349943248472,23.2163735324878,12.409673645990857,17.81302358923933,-2.0,0.0,35.62604717847866,2,21.5,5.5,27.0,16.0,21.5,-2.0,0.0,43.0,2,12.409673645990857,0.0,12.409673645990857,12.409673645990857,12.409673645990857,-3.0,0.0,12.409673645990857,1,55.836150957724655,8.592103713653795,64.42825467137845,47.24404724407086,55.836150957724655,-2.0,1.3442279393161883e-15,111.67230191544931,2,190.5,30.5,221.0,160.0,190.5,-2.0,0.0,381.0,2,,,,,,,,0.0,0,0.999,0.999,0.999,0.999
149,25.036972327717393,5.162365413365604,30.199337741083,19.87460691435179,25.036972327717393,-2.0,1.0329373280542557e-15,50.07394465543479,2,53.5,10.5,64.0,43.0,53.5,-2.0,0.0,107.0,2,,,,,,,,0.0,0,44.77615940907235,3.25508042501896,48.03123983409131,41.52107898405339,44.77615940907235,-2.0,0.0,89.5523188181447,2,147.5,5.5,153.0,142.0,147.5,-2.0,0.0,295.0,2,,,,,,,,0.0,0,0.984,0.982,0.984,-2.000000000000001
150,12.391021162432091,2.5421633606359872,14.933184523068078,9.848857801796104,12.391021162432091,-2.0,0.0,24.782042324864182,2,21.0,2.0,23.0,19.0,21.0,-2.0,0.0,42.0,2,9.848857801796104,0.0,9.848857801796104,9.848857801796104,9.848857801796104,-3.0,0.0,9.848857801796104,1,40.532505991514945,8.283474998320749,48.815980989835694,32.2490309931942,40.532505991514945,-2.0,0.0,81.06501198302989,2,182.5,34.5,217.0,148.0,182.5,-2.0,0.0,365.0,2,,,,,,,,0.0,0,0.997,0.997,0.997,0.997
151,5.924428900898052,3.924428900898052,9.848857801796104,2.0,5.924428900898052,-2.0,0.0,11.848857801796104,2,7.5,5.5,13.0,2.0,7.5,-2.0,0.0,15.0,2,2.0,0.0,2.0,2.0,2.0,-3.0,0.0,2.0,1,33.99609093584189,0.8751006124835001,34.87119154832539,33.12099032335839,33.99609093584189,-2.0,0.0,67.99218187168378,2,107.5,1.5,109.0,106.0,107.5,-2.0,0.0,215.0,2,,,,,,,,0.0,0,0.997,0.995,0.997,0.995
152,9.099823026006922,0.4395689881625344,9.539392014169456,8.660254037844387,9.099823026006922,-2.0,0.0,18.199646052013843,2,13.0,0.0,13.0,13.0,13.0,-3.0,0.0,26.0,2,,,,,,,,0.0,0,14.261241060183703,1.4549925853180072,15.716233645501712,12.806248474865697,14.261241060183703,-1.9999999999999996,1.7300917163128487e-15,28.522482120367407,2,34.5,0.5,35.0,34.0,34.5,-2.0,0.0,69.0,2,,,,,,,,0.0,0,1.0,1.0,1.0,1.0
153,14.3196302522841,7.838889553876239,22.15851980616034,6.48074069840786,14.3196302522841,-2.0,0.0,28.6392605045682,2,27.5,15.5,43.0,12.0,27.5,-2.0,0.0,55.0,2,6.48074069840786,0.0,6.48074069840786,6.48074069840786,6.48074069840786,-3.0,0.0,6.48074069840786,1,31.523447367489062,17.812138166686978,49.33558553417604,13.711309200802088,31.523447367489062,-2.0,2.414033356446861e-16,63.046894734978125,2,102.0,58.0,160.0,44.0,102.0,-2.0,0.0,204.0,2,,,,,,,,0.0,0,1.0,1.0,1.0,1.0
154,11.324474144188514,6.22545463059573,17.549928774784245,5.0990195135927845,11.324474144188514,-1.9999999999999998,4.122921083828707e-16,22.648948288377028,2,19.0,11.0,30.0,8.0,19.0,-2.0,0.0,38.0,2,5.0990195135927845,0.0,5.0990195135927845,5.0990195135927845,5.0990195135927845,-3.0,0.0,5.0990195135927845,1,27.08787218542514,14.203773458700015,41.291645644125154,12.884098726725126,27.08787218542514,-2.0,-7.93467186201447e-17,54.17574437085028,2,108.5,58.5,167.0,50.0,108.5,-2.0,0.0,217.0,2,,,,,,,,0.0,0,0.99,0.99,0.99,0.99
155,11.5,2.5,14.0,9.0,11.5,-2.0,0.0,23.0,2,11.5,2.5,14.0,9.0,11.5,-2.0,0.0,23.0,2,9.0,0.0,9.0,9.0,9.0,-3.0,0.0,9.0,1,53.69693797437478,13.897440490109975,67.59437846448475,39.7994974842648,53.69693797437478,-2.0,-7.623918103691134e-16,107.39387594874955,2,246.5,66.5,313.0,180.0,246.5,-2.0,0.0,493.0,2,,,,,,,,0.0,0,0.978,-1.0,-2.000000000000001,-2.000000000000001
156,5.5,2.5,8.0,3.0,5.5,-2.0,0.0,11.0,2,5.5,2.5,8.0,3.0,5.5,-2.0,0.0,11.0,2,3.0,0.0,3.0,3.0,3.0,-3.0,0.0,3.0,1,13.779364212656313,2.032024088185583,15.811388300841896,11.74734012447073,13.779364212656313,-2.0,0.0,27.558728425312626,2,40.0,4.0,44.0,36.0,40.0,-2.0,0.0,80.0,2,,,,,,,,0.0,0,0.99,0.99,0.99,0.99
157,7.140054944640259,0.14005494464025903,7.280109889280518,7.0,7.140054944640259,-2.0,9.55059217801932e-15,14.280109889280517,2,8.0,1.0,9.0,7.0,8.0,-2.0,0.0,16.0,2,,,,,,,,0.0,0,18.534971905895148,0.6744008064033977,19.209372712298546,17.86057109949175,18.534971905895148,-2.0,0.0,37.069943811790296,2,72.0,5.0,77.0,67.0,72.0,-2.0,0.0,144.0,2,,,,,,,,0.0,0,0.999,0.999,0.999,0.999
158,24.164612899403604,1.6035845540466482,25.768197453450252,22.561028345356956,24.164612899403604,-2.0,0.0,48.32922579880721,2,43.5,4.5,48.0,39.0,43.5,-2.0,0.0,87.0,2,,,,,,,,0.0,0,41.75242208651376,1.317288848202299,43.069710934716056,40.43513323831146,41.75242208651376,-2.0,-8.0626029326424e-15,83.50484417302752,2,148.0,3.0,151.0,145.0,148.0,-2.0,0.0,296.0,2,,,,,,,,0.0,0,0.983,0.979,0.985,-2.000000000000001
159,19.445523142259596,3.4455231422595975,22.891046284519195,16.0,19.445523142259596,-2.0,1.4765345571831817e-15,38.89104628451919,2,34.0,8.0,42.0,26.0,34.0,-2.0,0.0,68.0,2,,,,,,,,0.0,0,39.91834981135457,9.193766819880134,49.1121166312347,30.72458299147443,39.91834981135457,-2.0,-5.120327939851681e-16,79.83669962270913,2,110.0,28.0,138.0,82.0,110.0,-2.0,0.0,220.0,2,,,,,,,,0.0,0,0.999,0.999,0.999,0.999
160,4.813902747126894,0.5712620600076095,5.385164807134504,4.242640687119285,4.813902747126894,-2.0,0.0,9.627805494253789,2,6.5,0.5,7.0,6.0,6.5,-2.0,0.0,13.0,2,4.813902747126894,0.5712620600076095,5.385164807134504,4.242640687119285,4.813902747126894,-2.0,0.0,9.627805494253789,2,23.83137513218102,3.8814377889210157,27.712812921102035,19.949937343260004,23.83137513218102,-2.0,0.0,47.66275026436204,2,64.0,12.0,76.0,52.0,64.0,-2.0,0.0,128.0,2,,,,,,,,0.0,0,0.999,0.997,0.999,0.999
161,20.861519911182736,8.172942370733216,29.03446228191595,12.68857754044952,20.861519911182736,-2.0,-3.12367711367557e-16,41.72303982236547,2,35.0,16.0,51.0,19.0,35.0,-2.0,0.0,70.0,2,,,,,,,,0.0,0,46.33289006778659,16.332890067786597,62.66578013557319,30.0,46.33289006778659,-2.0,7.305990462222377e-16,92.66578013557319,2,163.5,63.5,227.0,100.0,163.5,-2.0,0.0,327.0,2,,,,,,,,0.0,0,0.99,-2.000000000000001,0.99,0.99
162,20.009256086106298,7.009256086106296,27.018512172212592,13.0,20.009256086106298,-1.9999999999999998,-7.428085985092959e-16,40.018512172212596,2,36.5,11.5,48.0,25.0,36.5,-2.0,0.0,73.0,2,,,,,,,,0.0,0,46.35821886019232,12.284768785390678,58.642987645583,34.07345007480164,46.35821886019232,-2.0,-8.5849399427169e-16,92.71643772038465,2,195.0,56.0,251.0,139.0,195.0,-2.0,0.0,390.0,2,,,,,,,,0.0,0,0.998,0.998,0.998,0.998
163,16.985444886045514,2.737638037270507,19.72308292331602,14.247806848775006,16.985444886045514,-2.0,0.0,33.97088977209103,2,24.0,3.0,27.0,21.0,24.0,-2.0,0.0,48.0,2,,,,,,,,0.0,0,39.81590971204584,8.288144171176942,48.104053883222775,31.52776554086889,39.81590971204584,-1.9999999999999998,-1.3977719970587247e-15,79.63181942409167,2,130.0,28.0,158.0,102.0,130.0,-2.0,0.0,260.0,2,,,,,,,,0.0,0,0.995,0.993,0.995,0.993
164,20.38275064190301,0.20850964007099293,20.591260281974,20.174241001832016,20.38275064190301,-2.0,0.0,40.76550128380602,2,37.5,1.5,39.0,36.0,37.5,-2.0,0.0,75.0,2,,,,,,,,0.0,0,47.004716561397146,6.004716561397142,53.009433122794285,41.0,47.004716561397146,-2.0,-1.7721742688580881e-15,94.00943312279429,2,197.5,20.5,218.0,177.0,197.5,-2.0,0.0,395.0,2,,,,,,,,0.0,0,0.989,0.983,0.991,0.991
165,9.5,1.5,11.0,8.0,9.5,-2.0,0.0,19.0,2,9.5,1.5,11.0,8.0,9.5,-2.0,0.0,19.0,2,9.5,1.5,11.0,8.0,9.5,-2.0,0.0,19.0,2,25.5,0.5,26.0,25.0,25.5,-2.0,0.0,51.0,2,76.5,0.5,77.0,76.0,76.5,-2.0,0.0,153.0,2,,,,,,,,0.0,0,0.978,-1.0,0.982,-2.000000000000001
166,18.741422003511886,3.8417575777605446,22.58317958127243,14.89966442575134,18.741422003511886,-2.0,-1.3784563527315439e-15,37.48284400702377,2,32.0,10.0,42.0,22.0,32.0,-2.0,0.0,64.0,2,,,,,,,,0.0,0,56.80118409412782,10.228660005347749,67.02984409947557,46.57252408878007,56.80118409412782,-2.0,0.0,113.60236818825564,2,251.0,52.0,303.0,199.0,251.0,-2.0,0.0,502.0,2,,,,,,,,0.0,0,0.993,0.989,0.993,0.99
167,6.0,6.0,12.0,0.0,6.0,-2.0,0.0,12.0,2,6.0,6.0,12.0,0.0,6.0,-2.0,0.0,12.0,2,6.0,6.0,12.0,0.0,6.0,-2.0,0.0,12.0,2,58.41634627321133,11.512188674977029,69.92853494818836,46.9041575982343,58.41634627321133,-1.9999999999999998,-8.196513820421874e-16,116.83269254642266,2,189.0,41.0,230.0,148.0,189.0,-2.0,0.0,378.0,2,,,,,,,,0.0,0,0.989,-2.000000000000001,0.989,0.987
168,13.293865081226198,1.128340020629759,14.422205101855956,12.165525060596439,13.293865081226198,-2.0,0.0,26.587730162452395,2,17.0,3.0,20.0,14.0,17.0,-2.0,0.0,34.0,2,,,,,,,,0.0,0,33.60064733818894,2.1204948607945564,35.7211421989835,31.480152477394387,33.60064733818894,-1.9999999999999998,2.5150829217294834e-15,67.20129467637788,2,122.5,5.5,128.0,117.0,122.5,-2.0,0.0,245.0,2,,,,,,,,0.0,0,0.989,0.991,0.991,0.989
169,2.5,0.5,3.0,2.0,2.5,-2.0,0.0,5.0,2,2.5,0.5,3.0,2.0,2.5,-2.0,0.0,5.0,2,2.5,0.5,3.0,2.0,2.5,-2.0,0.0,5.0,2,17.010884277495855,0.7936095372690009,17.804493814764857,16.217274740226856,17.010884277495855,-2.0,6.719159859269609e-15,34.02176855499171,2,70.0,3.0,73.0,67.0,70.0,-2.0,0.0,140.0,2,,,,,,,,0.0,0,0.996,0.996,0.996,0.996
170,18.64708525700032,7.601724239813057,26.248809496813376,11.045361017187261,18.64708525700032,-1.9999999999999998,-7.117157013630625e-16,37.29417051400064,2,24.5,12.5,37.0,12.0,24.5,-2.0,0.0,49.0,2,11.045361017187261,0.0,11.045361017187261,11.045361017187261,11.045361017187261,-3.0,0.0,11.045361017187261,1,40.57197235502321,2.1012042316805264,42.67317658670374,38.47076812334269,40.57197235502321,-2.0,0.0,81.14394471004643,2,121.5,5.5,127.0,116.0,121.5,-2.0,0.0,243.0,2,,,,,,,,0.0,0,0.981,-1.002,0.983,-2.000000000000001
171,12.393501943414561,3.0661228903257456,15.459624833740307,9.327379053088816,12.393501943414561,-2.0,0.0,24.787003886829122,2,20.0,5.0,25.0,15.0,20.0,-2.0,0.0,40.0,2,9.327379053088816,0.0,9.327379053088816,9.327379053088816,9.327379053088816,-3.0,0.0,9.327379053088816,1,30.879641115341123,12.224883009163491,43.104524124504614,18.65475810617763,30.879641115341123,-2.0,0.0,61.759282230682246,2,94.0,42.0,136.0,52.0,94.0,-2.0,0.0,188.0,2,,,,,,,,0.0,0,0.997,0.995,0.997,0.997
172,16.744708439101878,7.912947572774028,24.657656011875904,8.831760866327848,16.744708439101878,-2.0,-6.309980473749903e-16,33.489416878203755,2,31.0,13.0,44.0,18.0,31.0,-2.0,0.0,62.0,2,,,,,,,,0.0,0,36.1131405137137,14.364577342782152,50.47771785649585,21.748563170931547,36.1131405137137,-1.9999999999999998,-6.904053299600576e-16,72.2262810274274,2,149.5,54.5,204.0,95.0,149.5,-2.0,0.0,299.0,2,,,,,,,,0.0,0,0.994,0.994,0.994,0.994
173,8.5,6.5,15.0,2.0,8.5,-2.0,0.0,17.0,2,8.5,6.5,15.0,2.0,8.5,-2.0,0.0,17.0,2,2.0,0.0,2.0,2.0,2.0,-3.0,0.0,2.0,1,53.962935894128194,17.044106010178734,71.00704190430693,36.91882988394946,53.962935894128194,-2.0,7.34746429915132e-16,107.92587178825639,2,230.5,61.5,292.0,169.0,230.5,-2.0,0.0,461.0,2,,,,,,,,0.0,0,0.984,0.976,0.984,-2.000000000000001
174,18.51959820981864,7.384069484158597,25.903667693977237,11.135528725660043,18.51959820981864,-2.0,3.5296600153701306e-16,37.03919641963728,2,34.5,16.5,51.0,18.0,34.5,-2.0,0.0,69.0,2,11.135528725660043,0.0,11.135528725660043,11.135528725660043,11.135528725660043,-3.0,0.0,11.135528725660043,1,64.3470171209072,10.097593160831813,74.444610281739,54.249423960075376,64.3470171209072,-2.0,-2.0980226929330184e-15,128.6940342418144,2,287.5,42.5,330.0,245.0,287.5,-2.0,0.0,575.0,2,,,,,,,,0.0,0,0.988,0.988,0.988,-2.000000000000001
175,16.19488236839569,2.593411859660246,18.788294228055936,13.601470508735444,16.19488236839569,-1.9999999999999998,1.0183937722903402e-15,32.38976473679138,2,27.0,4.0,31.0,23.0,27.0,-2.0,0.0,54.0,2,,,,,,,,0.0,0,47.7951339038894,7.322921214193279,55.11805511808268,40.47221268969612,47.7951339038894,-2.0,0.0,95.5902678077788,2,212.0,26.0,238.0,186.0,212.0,-2.0,0.0,424.0,2,,,,,,,,0.0,0,0.988,-2.000000000000001,0.988,-2.000000000000001
176,6.0,0.0,6.0,6.0,6.0,-3.0,0.0,12.0,2,6.0,0.0,6.0,6.0,6.0,-3.0,0.0,12.0,2,6.0,0.0,6.0,6.0,6.0,-3.0,0.0,12.0,2,51.77585874181135,11.800866559197981,63.57672530100933,39.97499218261337,51.77585874181135,-2.0,8.993150061777596e-16,103.5517174836227,2,219.0,51.0,270.0,168.0,219.0,-2.0,0.0,438.0,2,,,,,,,,0.0,0,0.989,0.989,0.989,0.989
177,9.565523149395352,3.1623989119625033,12.727922061357855,6.4031242374328485,9.565523149395352,-2.0,0.0,19.131046298790704,2,15.5,6.5,22.0,9.0,15.5,-2.0,0.0,31.0,2,6.4031242374328485,0.0,6.4031242374328485,6.4031242374328485,6.4031242374328485,-3.0,0.0,6.4031242374328485,1,19.56329499626514,0.8817533039957333,20.445048300260872,18.681541692269406,19.56329499626514,-2.0,0.0,39.12658999253028,2,63.5,2.5,66.0,61.0,63.5,-2.0,0.0,127.0,2,,,,,,,,0.0,0,0.992,0.99,0.992,0.992
178,12.059870314521703,3.1716758972061143,15.231546211727817,8.888194417315589,12.059870314521703,-2.0,0.0,24.119740629043406,2,24.5,7.5,32.0,17.0,24.5,-2.0,0.0,49.0,2,8.888194417315589,0.0,8.888194417315589,8.888194417315589,8.888194417315589,-3.0,0.0,8.888194417315589,1,31.565885415040608,2.2571836355349184,33.823069050575526,29.30870177950569,31.565885415040608,-2.0,0.0,63.131770830081216,2,153.5,14.5,168.0,139.0,153.5,-2.0,0.0,307.0,2,,,,,,,,0.0,0,0.99,0.992,0.995,0.99
179,17.982466868540943,1.4597552266826384,19.44222209522358,16.522711641858304,17.982466868540943,-2.0,0.0,35.964933737081886,2,32.5,3.5,36.0,29.0,32.5,-2.0,0.0,65.0,2,,,,,,,,0.0,0,57.96784304235453,3.3509958246690346,61.318838867023565,54.616847217685496,57.96784304235453,-2.0,0.0,115.93568608470906,2,243.5,16.5,260.0,227.0,243.5,-2.0,0.0,487.0,2,,,,,,,,0.0,0,0.989,0.989,0.989,-2.000000000000001
180,8.167747513708967,0.8876376244284496,9.055385138137417,7.280109889280518,8.167747513708967,-2.0,1.508088151031373e-15,16.335495027417934,2,9.5,0.5,10.0,9.0,9.5,-2.0,0.0,19.0,2,,,,,,,,0.0,0,21.52030069259812,1.1733107432223147,22.693611435820433,20.346989949375804,21.52030069259812,-2.0,-4.605172375072668e-15,43.04060138519624,2,82.5,4.5,87.0,78.0,82.5,-2.0,0.0,165.0,2,,,,,,,,0.0,0,0.998,0.998,0.998,0.998
181,2.0,2.0,4.0,0.0,2.0,-2.0,0.0,4.0,2,2.0,2.0,4.0,0.0,2.0,-2.0,0.0,4.0,2,2.0,2.0,4.0,0.0,2.0,-2.0,0.0,4.0,2,24.363856620330306,11.95418297433945,36.318039594669756,12.409673645990857,24.363856620330306,-2.0,0.0,48.72771324066061,2,69.5,33.5,103.0,36.0,69.5,-2.0,0.0,139.0,2,,,,,,,,0.0,0,0.985,0.995,0.995,0.995
182,17.962914550658972,4.509290503585261,22.47220505424423,13.45362404707371,17.962914550658972,-2.0,-1.1624032568621203e-15,35.925829101317944,2,30.0,7.0,37.0,23.0,30.0,-2.0,0.0,60.0,2,,,,,,,,0.0,0,47.309950995575406,17.88207305645108,65.19202405202648,29.427877939124322,47.309950995575406,-2.0,-5.566915423793064e-16,94.61990199115081,2,154.0,62.0,216.0,92.0,154.0,-2.0,0.0,308.0,2,,,,,,,,0.0,0,0.983,-2.000000000000001,0.983,-2.000000000000001
183,11.011460039729275,3.2012103638226206,14.212670403551895,7.810249675906654,11.011460039729275,-2.0,-8.663782727369235e-16,22.02292007945855,2,15.5,4.5,20.0,11.0,15.5,-2.0,0.0,31.0,2,7.810249675906654,0.0,7.810249675906654,7.810249675906654,7.810249675906654,-3.0,0.0,7.810249675906654,1,53.07094658016527,16.030428225260994,69.10137480542626,37.04051835490427,53.07094658016527,-2.0,-6.623477362695147e-16,106.14189316033054,2,224.5,72.5,297.0,152.0,224.5,-2.0,0.0,449.0,2,,,,,,,,0.0,0,0.987,0.987,0.987,0.987
184,5.23606797749979,0.7639320225002102,6.0,4.47213595499958,5.23606797749979,-2.0,0.0,10.47213595499958,2,6.0,0.0,6.0,6.0,6.0,-3.0,0.0,12.0,2,5.23606797749979,0.7639320225002102,6.0,4.47213595499958,5.23606797749979,-2.0,0.0,10.47213595499958,2,34.05575940349706,6.1810396739643565,40.23679907746142,27.874719729532707,34.05575940349706,-2.0,0.0,68.11151880699413,2,147.0,22.0,169.0,125.0,147.0,-2.0,0.0,294.0,2,,,,,,,,0.0,0,0.999,0.999,0.999,0.999
185,11.5,2.5,14.0,9.0,11.5,-2.0,0.0,23.0,2,11.5,2.5,14.0,9.0,11.5,-2.0,0.0,23.0,2,9.0,0.0,9.0,9.0,9.0,-3.0,0.0,9.0,1,36.90548340996686,1.4090047113691675,38.31448812133603,35.4964786985977,36.90548340996686,-2.0,7.540957530237568e-15,73.81096681993372,2,130.0,2.0,132.0,128.0,130.0,-2.0,0.0,260.0,2,,,,,,,,0.0,0,-2.000000000000001,-1.002,-2.000000000000001,-2.000000000000001
186,24.19522587374192,4.753003778518337,28.948229652260256,19.44222209522358,24.19522587374192,-2.0,0.0,48.39045174748384,2,47.0,9.0,56.0,38.0,47.0,-2.0,0.0,94.0,2,,,,,,,,0.0,0,42.56783226018224,12.368494519099244,54.93632677928149,30.199337741083,42.56783226018224,-2.0,0.0,85.13566452036449,2,129.0,41.0,170.0,88.0,129.0,-2.0,0.0,258.0,2,,,,,,,,0.0,0,0.983,-2.000000000000001,0.983,-2.000000000000001
187,18.35526219925555,1.4437276739677838,19.79898987322333,16.911534525287763,18.35526219925555,-1.9999999999999998,-3.689388467936446e-15,36.7105243985111,2,29.0,3.0,32.0,26.0,29.0,-2.0,0.0,58.0,2,,,,,,,,0.0,0,41.22069315941638,1.5344234934475196,42.7551166528639,39.68626966596886,41.22069315941638,-2.0,0.0,82.44138631883276,2,140.5,3.5,144.0,137.0,140.5,-2.0,0.0,281.0,2,,,,,,,,0.0,0,0.992,-2.000000000000001,0.992,0.992
188,11.423446488024553,3.8736120527538027,15.297058540778355,7.54983443527075,11.423446488024553,-2.0,0.0,22.846892976049105,2,19.5,6.5,26.0,13.0,19.5,-2.0,0.0,39.0,2,7.54983443527075,0.0,7.54983443527075,7.54983443527075,7.54983443527075,-3.0,0.0,7.54983443527075,1,25.067240127171473,7.150767260002555,32.218007387174026,17.916472867168917,25.067240127171473,-2.0,-7.773064402162017e-16,50.13448025434295,2,81.5,24.5,106.0,57.0,81.5,-2.0,0.0,163.0,2,,,,,,,,0.0,0,0.989,0.987,0.989,0.989
189,13.820956322658613,2.9122442080228987,16.73320053068151,10.908712114635714,13.820956322658613,-2.0,-9.34953892769568e-16,27.641912645317227,2,21.5,2.5,24.0,19.0,21.5,-2.0,0.0,43.0,2,10.908712114635714,0.0,10.908712114635714,10.908712114635714,10.908712114635714,-3.0,0.0,10.908712114635714,1,30.10740692129657,5.571718628525975,35.679125549822544,24.535688292770594,30.10740692129657,-2.0,0.0,60.21481384259314,2,84.5,20.5,105.0,64.0,84.5,-2.0,0.0,169.0,2,,,,,,,,0.0,0,0.994,0.994,0.994,0.994
190,12.673738122454687,7.574718608861901,20.248456731316587,5.0990195135927845,12.673738122454687,-1.9999999999999998,-3.2697962204424854e-16,25.347476244909373,2,17.0,11.0,28.0,6.0,17.0,-2.0,0.0,34.0,2,5.0990195135927845,0.0,5.0990195135927845,5.0990195135927845,5.0990195135927845,-3.0,0.0,5.0990195135927845,1,23.602057684389205,3.929742111483204,27.53179979587241,19.672315572906,23.602057684389205,-2.0,0.0,47.20411536877841,2,60.5,9.5,70.0,51.0,60.5,-2.0,0.0,121.0,2,,,,,,,,0.0,0,0.987,-2.000000000000001,0.989,0.989
191,18.395176920720925,2.9355520869806178,21.330729007701542,15.459624833740307,18.395176920720925,-2.0,0.0,36.79035384144185,2,34.0,5.0,39.0,29.0,34.0,-2.0,0.0,68.0,2,,,,,,,,0.0,0,57.25685583859237,20.69184524102793,77.9487010796203,36.565010597564445,57.25685583859237,-2.0,5.133014760121776e-16,114.51371167718474,2,235.5,80.5,316.0,155.0,235.5,-2.0,0.0,471.0,2,,,,,,,,0.0,0,0.989,0.987,0.989,-2.000000000000001
192,17.313340131089937,7.017709990102937,24.331050121192877,10.295630140987,17.313340131089937,-2.0,7.401273516997856e-16,34.626680262179875,2,36.0,16.0,52.0,20.0,36.0,-2.0,0.0,72.0,2,,,,,,,,0.0,0,22.653341940069847,5.506913740587599,28.160255680657446,17.146428199482248,22.653341940069847,-2.0,0.0,45.306683880139694,2,78.5,18.5,97.0,60.0,78.5,-2.0,0.0,157.0,2,,,,,,,,0.0,0,0.989,-1.001,0.989,-2.000000000000001
193,14.658612703252501,1.620207892847204,16.278820596099706,13.038404810405298,14.658612703252501,-2.0,1.6706211423569212e-15,29.317225406505003,2,20.5,2.5,23.0,18.0,20.5,-2.0,0.0,41.0,2,13.038404810405298,0.0,13.038404810405298,13.038404810405298,13.038404810405298,-3.0,0.0,13.038404810405298,1,28.904073471164914,0.23353109750201462,29.13760456866693,28.6705423736629,28.904073471164914,-2.0,2.2814497421697298e-14,57.80814694232983,2,91.5,1.5,93.0,90.0,91.5,-2.0,0.0,183.0,2,,,,,,,,0.0,0,-2.000000000000001,-2.000000000000001,0.983,-2.000000000000001
194,17.265081046520454,14.436653921774264,31.701734968294716,2.8284271247461903,17.265081046520454,-2.0,-2.267053661200282e-16,34.53016209304091,2,33.5,27.5,61.0,6.0,33.5,-2.0,0.0,67.0,2,2.8284271247461903,0.0,2.8284271247461903,2.8284271247461903,2.8284271247461903,-3.0,0.0,2.8284271247461903,1,44.79111397128547,23.743548791436282,68.53466276272175,21.047565179849187,44.79111397128547,-2.0,0.0,89.58222794257094,2,204.0,107.0,311.0,97.0,204.0,-2.0,0.0,408.0,2,,,,,,,,0.0,0,1.0,1.0,1.0,1.0
195,12.563924641144677,3.02453262697522,15.588457268119896,9.539392014169456,12.563924641144677,-2.0,-8.988421435266067e-16,25.127849282289354,2,17.0,4.0,21.0,13.0,17.0,-2.0,0.0,34.0,2,,,,,,,,0.0,0,25.63474290760487,13.887402783134139,39.52214569073901,11.74734012447073,25.63474290760487,-2.0,-2.5468205273258366e-16,51.26948581520974,2,76.0,42.0,118.0,34.0,76.0,-2.0,0.0,152.0,2,,,,,,,,0.0,0,1.0,1.0,1.0,1.0
196,16.954151610947072,5.249451700227446,22.20360331117452,11.704699910719626,16.954151610947072,-2.0,0.0,33.908303221894144,2,20.0,5.0,25.0,15.0,20.0,-2.0,0.0,40.0,2,11.704699910719626,0.0,11.704699910719626,11.704699910719626,11.704699910719626,-3.0,0.0,11.704699910719626,1,53.706324488664436,15.957152312310694,69.66347680097513,37.749172176353746,53.706324488664436,-2.0,6.715142866740099e-16,107.41264897732887,2,228.0,67.0,295.0,161.0,228.0,-2.0,0.0,456.0,2,,,,,,,,0.0,0,0.992,0.99,0.994,0.994
197,13.655306100456167,5.052980833413541,18.708286933869708,8.602325267042627,13.655306100456167,-2.0,0.0,27.310612200912335,2,26.0,10.0,36.0,16.0,26.0,-2.0,0.0,52.0,2,,,,,,,,0.0,0,41.50906445467581,17.592542968473012,59.10160742314882,23.916521486202797,41.50906445467581,-2.0,0.0,83.01812890935162,2,169.5,71.5,241.0,98.0,169.5,-2.0,0.0,339.0,2,,,,,,,,0.0,0,0.994,0.994,0.994,0.992
198,6.5,2.5,9.0,4.0,6.5,-2.0,0.0,13.0,2,6.5,2.5,9.0,4.0,6.5,-2.0,0.0,13.0,2,6.5,2.5,9.0,4.0,6.5,-2.0,0.0,13.0,2,38.460848170148275,15.008769371031127,53.4696175411794,23.45207879911715,38.460848170148275,-2.0,2.690078298592122e-16,76.92169634029655,2,170.5,70.5,241.0,100.0,170.5,-2.0,0.0,341.0,2,,,,,,,,0.0,0,0.982,-1.0,0.988,-2.000000000000001
199,3.0,1.0,4.0,2.0,3.0,-2.0,0.0,6.0,2,3.0,1.0,4.0,2.0,3.0,-2.0,0.0,6.0,2,3.0,1.0,4.0,2.0,3.0,-2.0,0.0,6.0,2,20.91688057268896,0.9920217275176846,21.908902300206645,19.924858845171276,20.91688057268896,-2.0,0.0,41.83376114537792,2,102.5,1.5,104.0,101.0,102.5,-2.0,0.0,205.0,2,,,,,,,,0.0,0,0.995,0.995,0.995,0.995
200,7.8134419829624955,6.399228420589401,14.212670403551895,1.4142135623730951,7.8134419829624955,-2.0,-3.2537831968923306e-16,15.626883965924991,2,11.0,9.0,20.0,2.0,11.0,-2.0,0.0,22.0,2,1.4142135623730951,0.0,1.4142135623730951,1.4142135623730951,1.4142135623730951,-3.0,0.0,1.4142135623730951,1,24.80170770398487,11.763302893579572,36.565010597564445,13.038404810405298,24.80170770398487,-1.9999999999999998,2.095287401581472e-16,49.60341540796974,2,59.5,33.5,93.0,26.0,59.5,-2.0,0.0,119.0,2,,,,,,,,0.0,0,0.989,0.987,0.991,0.991
201,10.255867429998428,8.019799452498638,18.275666882497067,2.23606797749979,10.255867429998428,-2.0,0.0,20.511734859996857,2,14.5,11.5,26.0,3.0,14.5,-2.0,0.0,29.0,2,2.23606797749979,0.0,2.23606797749979,2.23606797749979,2.23606797749979,-3.0,0.0,2.23606797749979,1,38.18169901390063,13.101826605931716,51.28352561983234,25.079872407968907,38.18169901390063,-2.0,-8.087878650064033e-16,76.36339802780125,2,150.5,47.5,198.0,103.0,150.5,-2.0,0.0,301.0,2,,,,,,,,0.0,0,0.996,0.996,0.996,0.996
202,13.48786445506643,0.7599423937085756,14.247806848775006,12.727922061357855,13.48786445506643,-2.0,0.0,26.97572891013286,2,25.5,1.5,27.0,24.0,25.5,-2.0,0.0,51.0,2,,,,,,,,0.0,0,41.70210206330326,10.461103359676645,52.16320542297991,31.240998703626616,41.70210206330326,-2.0,9.930650718259293e-16,83.40420412660652,2,196.5,40.5,237.0,156.0,196.5,-2.0,0.0,393.0,2,,,,,,,,0.0,0,0.99,-2.000000000000001,0.99,-2.000000000000001
203,11.0,2.0,13.0,9.0,11.0,-2.0,0.0,22.0,2,11.0,2.0,13.0,9.0,11.0,-2.0,0.0,22.0,2,9.0,0.0,9.0,9.0,9.0,-3.0,0.0,9.0,1,48.003879932387555,2.9372625754125608,50.941142507800116,45.066617356974994,48.003879932387555,-2.0,0.0,96.00775986477511,2,158.0,7.0,165.0,151.0,158.0,-2.0,0.0,316.0,2,,,,,,,,0.0,0,0.979,-2.000000000000001,0.979,-2.000000000000001
204,19.414440479431263,3.0132210125745384,22.427661492005804,16.401219466856727,19.414440479431263,-2.0,1.753077091937057e-15,38.82888095886253,2,41.0,8.0,49.0,33.0,41.0,-2.0,0.0,82.0,2,,,,,,,,0.0,0,34.62782363949755,2.1009117049163635,36.72873534441391,32.526911934581186,34.62782363949755,-2.0,0.0,69.2556472789951,2,126.5,4.5,131.0,122.0,126.5,-2.0,0.0,253.0,2,,,,,,,,0.0,0,0.991,0.989,0.991,0.991
205,3.2393543323095373,1.0032863548097475,4.242640687119285,2.23606797749979,3.2393543323095373,-2.0,0.0,6.478708664619075,2,4.5,1.5,6.0,3.0,4.5,-2.0,0.0,9.0,2,3.2393543323095373,1.0032863548097475,4.242640687119285,2.23606797749979,3.2393543323095373,-2.0,0.0,6.478708664619075,2,28.012734087654284,0.5354707595861115,28.548204847240395,27.477263328068172,28.012734087654284,-2.0,0.0,56.02546817530857,2,120.0,5.0,125.0,115.0,120.0,-2.0,0.0,240.0,2,,,,,,,,0.0,0,0.997,0.997,0.997,0.997
206,16.80861273851727,8.998363062610613,25.80697580112788,7.810249675906654,16.80861273851727,-2.0,-6.241365873187665e-16,33.61722547703454,2,23.5,12.5,36.0,11.0,23.5,-2.0,0.0,47.0,2,7.810249675906654,0.0,7.810249675906654,7.810249675906654,7.810249675906654,-3.0,0.0,7.810249675906654,1,41.70903107396173,14.894855718377888,56.60388679233962,26.814175355583846,41.70903107396173,-2.0,3.440339361810878e-16,83.41806214792346,2,153.5,48.5,202.0,105.0,153.5,-2.0,0.0,307.0,2,,,,,,,,0.0,0,0.98,0.968,0.98,-2.000000000000001
207,5.0,0.0,5.0,5.0,5.0,-3.0,0.0,10.0,2,5.0,0.0,5.0,5.0,5.0,-3.0,0.0,10.0,2,5.0,0.0,5.0,5.0,5.0,-3.0,0.0,10.0,2,17.17616836650241,2.445248503846174,19.621416870348583,14.730919862656235,17.17616836650241,-1.9999999999999998,-1.0934620536867429e-15,34.35233673300482,2,50.0,7.0,57.0,43.0,50.0,-2.0,0.0,100.0,2,,,,,,,,0.0,0,0.987,0.991,0.991,0.991
208,18.193322369055856,0.05496522183880259,18.24828759089466,18.138357147217054,18.193322369055856,-2.0,0.0,36.38664473811171,2,31.0,0.0,31.0,31.0,31.0,-3.0,0.0,62.0,2,,,,,,,,0.0,0,52.20395655255116,8.169878839943163,60.37383539249432,44.034077712607996,52.20395655255116,-1.9999999999999998,-1.355116693199217e-15,104.40791310510232,2,227.0,44.0,271.0,183.0,227.0,-2.0,0.0,454.0,2,,,,,,,,0.0,0,0.985,0.983,0.985,-2.000000000000001
209,10.5,8.5,19.0,2.0,10.5,-2.0,0.0,21.0,2,10.5,8.5,19.0,2.0,10.5,-2.0,0.0,21.0,2,2.0,0.0,2.0,2.0,2.0,-3.0,0.0,2.0,1,41.57244220364151,3.9028257999667844,45.47526800360829,37.66961640367472,41.57244220364151,-2.0,0.0,83.14488440728302,2,121.5,14.5,136.0,107.0,121.5,-2.0,0.0,243.0,2,,,,,,,,0.0,0,0.978,-2.000000000000001,0.98,-2.000000000000001
