,HEIGHT,WIDTH,NUM_TRAPS,NUM_GOALS,PATH_NOISE_PROB,BLIND_SWITCH_PROB,SARSA,MCCONTROL,QLEARNING,DQLEARNING
0,10,29,25,5,0.142431,0.074744,0.996000,0.996000,0.996000,0.996000
1,26,10,19,2,0.304969,0.005359,0.993000,0.991000,0.993000,0.993000
2,31,21,21,5,0.413922,0.158803,0.995000,0.995000,0.995000,0.995000
3,25,15,10,2,0.259141,0.002151,-2.000000,-1.002000,-2.000000,-2.000000
4,31,14,23,1,0.336851,0.049098,-2.000000,-2.000000,-2.000000,-2.000000
5,13,10,31,2,0.248030,0.018906,0.998000,0.998000,0.998000,0.998000
6,23,11,14,3,0.161591,0.166437,-2.000000,-1.002000,-2.000000,-2.000000
7,28,27,17,4,0.225850,0.177281,0.996000,-2.000000,0.996000,0.996000
8,14,16,31,2,0.224929,0.114255,0.990000,0.994000,0.994000,-2.000000
9,30,29,21,3,0.097225,0.062803,-2.000000,-1.005000,-2.000000,-2.000000
10,28,17,12,3,0.073648,0.133991,0.998000,0.998000,0.998000,0.998000
11,24,28,8,5,0.158416,0.037002,-2.000000,-2.000000,-2.000000,-2.000000
12,29,24,18,3,0.010246,0.160659,-2.000000,-2.000000,-2.000000,-2.000000
13,19,19,12,2,0.275787,0.172276,0.994000,0.992000,0.994000,0.994000
14,11,17,8,3,0.356014,0.089812,1.000000,1.000000,1.000000,1.000000
15,15,18,17,1,0.162800,0.190155,0.996000,0.994000,0.996000,0.996000
16,25,16,27,3,0.077555,0.199484,0.991000,-2.000000,0.991000,-2.000000
17,13,12,11,4,0.311950,0.194511,0.998000,-2.000000,0.998000,0.998000
18,20,27,29,5,0.314240,0.247528,0.990000,-2.000000,0.990000,0.990000
19,30,10,20,5,0.076319,0.188648,0.998000,0.998000,0.998000,0.998000
20,10,25,25,3,0.326209,0.180556,-2.000000,-1.000000,-2.000000,-2.000000
21,28,13,15,5,0.204921,0.161339,0.997000,0.997000,0.997000,0.997000
22,20,13,26,4,0.412137,0.001998,0.999000,0.999000,0.999000,0.999000
23,28,10,13,4,0.271587,0.097075,0.991000,-2.000000,0.991000,0.991000
24,30,16,20,5,0.013616,0.175627,-2.000000,-2.000000,0.989000,-2.000000
25,20,30,9,5,0.248937,0.029728,0.994000,-2.000000,0.994000,0.994000
26,18,13,15,1,0.074302,0.039178,-2.000000,-1.001000,-2.000000,-2.000000
27,10,29,22,3,0.149641,0.182685,-2.000000,-1.003000,-2.000000,-2.000000
28,15,11,22,1,0.092853,0.193034,-2.000000,-1.000000,-2.000000,-2.000000
29,24,17,28,5,0.062082,0.205407,0.999000,0.999000,0.999000,0.999000
30,13,27,19,3,0.098537,0.080557,0.999000,0.999000,0.999000,0.999000
31,10,13,23,2,0.306391,0.169873,0.988000,-1.000000,-2.000000,-2.000000
32,14,21,16,3,0.475008,0.018919,0.997000,0.997000,0.997000,0.997000
33,20,29,14,3,0.462942,0.122103,0.998000,0.998000,0.998000,0.998000
34,31,27,22,3,0.209226,0.097452,0.994000,-2.000000,0.994000,0.994000
35,10,25,19,2,0.454475,0.160356,-2.000000,-1.002000,-2.000000,-2.000000
36,17,10,18,1,0.230130,0.237716,-2.000000,0.985000,-2.000000,-2.000000
37,25,20,30,5,0.418206,0.055393,0.999000,0.999000,0.999000,0.999000
38,24,27,15,3,0.295162,0.140104,0.992000,-2.000000,0.992000,-2.000000
39,16,25,18,2,0.043703,0.028870,0.993000,0.993000,0.995000,-2.000000
40,28,29,13,3,0.065704,0.010398,0.994000,0.994000,0.994000,-2.000000
41,31,29,18,3,0.062906,0.123471,0.994000,0.992000,0.994000,0.994000
42,11,27,26,3,0.302618,0.079911,0.995000,0.995000,0.995000,0.995000
43,13,16,31,3,0.359154,0.048803,-2.000000,-1.001000,-2.000000,-2.000000
44,19,15,30,2,0.076209,0.060518,0.998000,0.998000,0.998000,0.998000
45,19,27,29,3,0.476119,0.210025,-2.000000,-1.000000,-2.000000,-2.000000
46,18,16,31,1,0.148282,0.000492,-2.000000,-1.001000,-2.000000,-2.000000
47,31,15,20,3,0.416236,0.049971,-2.000000,-2.000000,-2.000000,-2.000000
48,17,16,14,4,0.471602,0.156887,0.995000,0.997000,0.997000,0.997000
49,12,27,8,2,0.274729,0.137325,-2.000000,-2.000000,-2.000000,-2.000000
50,29,29,27,4,0.104962,0.229450,0.997000,0.997000,0.997000,0.997000
51,14,26,26,5,0.174540,0.139201,0.998000,0.996000,0.998000,0.998000
52,17,21,29,4,0.048010,0.171539,0.996000,-2.000000,0.996000,0.996000
53,19,31,29,5,0.429814,0.072583,-2.000000,0.988000,-2.000000,-2.000000
54,22,22,10,4,0.093734,0.121478,0.997000,0.997000,0.997000,0.997000
55,24,24,21,3,0.275608,0.186049,-2.000000,-2.000000,-2.000000,-2.000000
56,18,25,16,2,0.346975,0.123339,-2.000000,-1.001000,-2.000000,-2.000000
57,21,28,25,3,0.382144,0.028133,0.993000,0.993000,0.995000,-2.000000
58,12,19,24,2,0.412670,0.121516,0.996000,0.996000,0.996000,0.994000
59,15,16,25,5,0.013313,0.196317,0.994000,0.997000,0.997000,0.995000
60,31,23,31,5,0.325715,0.183351,0.995000,0.995000,0.995000,0.995000
61,17,14,20,5,0.404701,0.059498,0.998000,0.998000,0.998000,0.998000
62,19,12,22,5,0.392588,0.157353,0.999000,0.999000,0.999000,0.999000
63,23,15,12,1,0.174101,0.071049,0.994000,0.994000,0.994000,-2.000000
64,10,31,12,1,0.332333,0.233192,-2.000000,-1.001000,-2.000000,-2.000000
65,13,25,20,2,0.260668,0.215196,0.997000,-2.000000,0.997000,0.997000
66,27,21,13,2,0.120392,0.232567,0.986000,-2.000000,-2.000000,-2.000000
67,18,28,10,3,0.047775,0.114305,0.998000,-2.000000,0.998000,0.998000
68,24,30,24,4,0.250782,0.114005,0.994000,0.994000,0.994000,-2.000000
69,23,21,25,1,0.429713,0.167690,0.995000,0.995000,0.997000,0.997000
70,28,11,31,3,0.148393,0.202234,-2.000000,0.989000,-2.000000,-2.000000
71,24,22,19,1,0.345269,0.185655,-2.000000,-1.003000,-2.000000,-2.000000
72,12,17,30,4,0.470001,0.007931,0.993000,-1.002000,0.993000,-2.000000
73,11,28,30,4,0.214171,0.025190,0.998000,0.998000,0.998000,0.998000
74,18,22,15,3,0.089548,0.126796,-2.000000,-1.003000,-2.000000,-2.000000
75,17,19,18,2,0.097694,0.196317,-2.000000,-1.001000,-2.000000,-2.000000
76,19,26,12,3,0.128805,0.143483,0.992000,-2.000000,0.992000,-2.000000
77,29,22,16,2,0.496469,0.248748,0.992000,-2.000000,0.992000,-2.000000
78,11,31,21,3,0.499577,0.223306,0.993000,0.985000,0.993000,0.993000
79,31,28,16,5,0.022863,0.145427,0.998000,0.998000,0.998000,0.998000
80,16,25,12,1,0.060651,0.014927,-2.000000,-2.000000,-2.000000,-2.000000
81,20,17,20,5,0.252190,0.028173,0.993000,0.990000,0.993000,-2.000000
82,12,14,17,2,0.378678,0.070255,0.996000,0.996000,0.996000,0.994000
83,31,11,9,1,0.051809,0.101594,0.991000,0.987000,0.991000,-2.000000
84,26,28,31,4,0.496724,0.002317,-2.000000,-2.000000,0.992000,-2.000000
85,23,16,22,4,0.327372,0.199417,0.998000,0.998000,0.998000,0.998000
86,29,25,28,1,0.143565,0.207066,-2.000000,-2.000000,-2.000000,-2.000000
87,16,23,27,3,0.448231,0.184332,0.989000,0.987000,-2.000000,-2.000000
88,17,24,21,5,0.346746,0.072263,-2.000000,-1.001000,-2.000000,-2.000000
89,10,20,11,5,0.361907,0.004941,0.999000,0.999000,0.999000,0.999000
90,15,26,27,2,0.344277,0.086521,-2.000000,0.986000,-2.000000,-2.000000
91,10,10,24,4,0.129276,0.078531,0.999000,0.998000,0.999000,0.999000
92,15,31,18,3,0.236440,0.138758,-2.000000,-1.000000,-2.000000,-2.000000
93,18,14,9,4,0.296979,0.249919,0.998000,0.998000,0.998000,0.998000
94,11,12,30,2,0.057686,0.207192,0.999000,0.999000,0.999000,0.999000
95,13,24,18,5,0.353701,0.236765,0.991000,-2.000000,0.991000,-2.000000
96,25,30,15,3,0.391866,0.060978,0.995000,0.995000,0.995000,-2.000000
97,24,17,10,2,0.289865,0.084202,-2.000000,-1.001000,-2.000000,-2.000000
98,20,18,16,3,0.485401,0.166958,0.998000,0.998000,0.998000,0.998000
99,14,14,22,2,0.136112,0.229268,0.997000,0.997000,0.997000,0.997000
100,21,31,15,1,0.254581,0.212584,-2.000000,-1.007000,-2.000000,-2.000000
101,24,23,8,2,0.086204,0.238067,0.990000,0.990000,0.990000,-2.000000
102,24,16,13,2,0.174058,0.070460,-2.000000,-1.000000,-2.000000,-2.000000
103,16,19,18,2,0.239385,0.104466,-2.000000,0.991000,0.993000,-2.000000
104,10,17,9,1,0.248917,0.171441,1.000000,1.000000,1.000000,1.000000
105,17,11,13,3,0.494924,0.164034,-2.000000,-1.001000,-2.000000,-2.000000
106,20,25,17,3,0.073738,0.170577,0.994000,0.996000,0.996000,0.996000
107,23,24,23,4,0.244548,0.183116,0.994000,0.992000,0.994000,0.994000
108,24,29,16,2,0.182811,0.043372,-2.000000,-2.000000,-2.000000,-2.000000
109,28,18,31,5,0.366625,0.224096,0.992000,0.992000,0.994000,0.990000
110,25,19,31,1,0.489195,0.047007,-2.000000,-2.000000,-2.000000,-2.000000
111,10,18,31,4,0.017823,0.230018,0.993000,-1.000000,0.993000,-2.000000
112,28,21,10,4,0.468949,0.076502,-2.000000,-2.000000,-2.000000,-2.000000
113,28,12,29,2,0.047172,0.132516,0.994000,-2.000000,0.994000,-2.000000
114,12,22,27,4,0.255742,0.025922,1.000000,1.000000,1.000000,1.000000
115,10,11,18,2,0.103176,0.191893,1.000000,1.000000,1.000000,1.000000
116,15,14,8,5,0.275469,0.166250,0.995000,0.995000,0.995000,0.995000
117,18,28,13,2,0.414744,0.007713,0.994000,0.992000,0.994000,-2.000000
118,22,19,8,4,0.439239,0.032891,0.997000,0.997000,0.997000,0.997000
119,23,25,13,5,0.207511,0.076058,-2.000000,-2.000000,-2.000000,-2.000000
120,12,19,16,2,0.406266,0.005495,0.993000,0.991000,0.993000,-2.000000
121,22,16,16,5,0.162725,0.020361,0.999000,0.999000,0.999000,0.999000
122,22,20,24,2,0.295518,0.134229,0.988000,-1.000000,0.980000,-2.000000
123,31,23,14,2,0.425863,0.053137,-2.000000,-1.010000,-2.000000,-2.000000
124,30,13,28,2,0.457937,0.031036,-2.000000,0.981000,-2.000000,-2.000000
125,22,26,21,3,0.051244,0.065446,-2.000000,-1.000000,-2.000000,-2.000000
126,27,11,29,3,0.184541,0.072694,-2.000000,-1.000000,-2.000000,-2.000000
127,13,14,29,1,0.234578,0.135698,-2.000000,-1.000000,-2.000000,-2.000000
128,20,27,23,1,0.204661,0.086770,-2.000000,-1.001000,-2.000000,-2.000000
129,10,11,25,2,0.244851,0.219319,1.000000,1.000000,1.000000,1.000000
130,12,18,9,4,0.107926,0.167179,0.996000,-2.000000,0.996000,0.996000
131,11,18,24,4,0.391347,0.078215,0.998000,0.998000,0.998000,0.998000
132,10,30,27,3,0.207141,0.042570,0.998000,0.998000,0.998000,0.998000
133,18,23,17,4,0.132524,0.195801,0.991000,0.997000,0.997000,0.997000
134,10,14,23,1,0.094855,0.180173,0.988000,-1.000000,-2.000000,-2.000000
135,13,24,18,1,0.141818,0.036120,-2.000000,-1.002000,-2.000000,-2.000000
136,23,12,18,5,0.496655,0.100173,0.999000,0.999000,0.999000,0.999000
137,10,19,29,1,0.138022,0.041673,0.993000,-1.000000,0.993000,-2.000000
138,30,22,24,1,0.373163,0.158804,-2.000000,-1.006000,-2.000000,-2.000000
139,22,22,23,1,0.155188,0.156217,-2.000000,-2.000000,0.991000,-2.000000
140,30,28,27,2,0.221979,0.013968,-2.000000,-2.000000,-2.000000,-2.000000
141,10,22,31,5,0.467143,0.120784,0.999000,0.999000,0.999000,0.999000
142,25,18,12,5,0.131860,0.079390,0.995000,0.995000,0.995000,0.995000
143,12,28,10,1,0.062134,0.042637,-2.000000,0.988000,-2.000000,-2.000000
144,13,17,17,1,0.382911,0.165392,-2.000000,-1.000000,-2.000000,-2.000000
145,25,15,23,2,0.227501,0.168939,-2.000000,-2.000000,-2.000000,-2.000000
146,14,12,25,2,0.171594,0.123438,0.995000,-2.000000,0.995000,0.995000
147,29,30,26,4,0.058384,0.029621,0.996000,0.996000,0.996000,0.994000
148,31,26,17,3,0.481393,0.241612,0.999000,0.999000,0.999000,0.999000
149,30,23,16,5,0.236336,0.140946,-2.000000,0.982000,-2.000000,-2.000000
150,29,18,29,4,0.065205,0.077784,0.997000,0.997000,0.997000,0.997000
151,20,18,14,2,0.098114,0.023292,0.997000,0.995000,0.997000,0.995000
152,12,16,8,4,0.159851,0.215092,1.000000,1.000000,1.000000,1.000000
153,11,22,14,5,0.352367,0.016295,1.000000,1.000000,1.000000,1.000000
154,10,29,21,3,0.172119,0.058705,0.990000,0.990000,-2.000000,-2.000000
155,19,24,29,1,0.104410,0.044714,-2.000000,-1.000000,-2.000000,-2.000000
156,10,12,11,1,0.213310,0.199953,0.990000,0.990000,-2.000000,-2.000000
157,11,16,23,2,0.040576,0.044067,0.999000,0.999000,0.999000,0.999000
158,24,31,20,4,0.095173,0.210443,-2.000000,-2.000000,-2.000000,-2.000000
159,19,25,10,5,0.453221,0.241395,0.999000,0.999000,0.999000,0.999000
160,15,10,10,3,0.468128,0.068703,0.999000,-2.000000,0.999000,0.999000
161,18,27,16,4,0.038756,0.243945,0.990000,-2.000000,0.990000,-2.000000
162,25,23,24,5,0.352266,0.134319,0.998000,0.998000,0.998000,0.998000
163,17,30,16,3,0.467322,0.193036,0.995000,0.993000,0.995000,0.993000
164,22,19,25,4,0.037671,0.177694,0.989000,-2.000000,0.991000,-2.000000
165,30,15,14,1,0.025067,0.204105,-2.000000,-1.000000,-2.000000,-2.000000
166,20,28,27,4,0.420576,0.092367,0.993000,0.989000,0.993000,-2.000000
167,30,21,13,1,0.118110,0.242382,-2.000000,-2.000000,0.989000,-2.000000
168,16,13,20,2,0.221053,0.139951,0.989000,0.991000,0.991000,-2.000000
169,11,11,25,1,0.050311,0.159928,0.996000,0.996000,0.996000,0.996000
170,28,24,14,2,0.315460,0.061217,-2.000000,-1.002000,-2.000000,-2.000000
171,19,28,13,4,0.224136,0.142131,0.997000,0.995000,0.997000,0.997000
172,21,13,27,5,0.322322,0.161258,0.994000,0.994000,0.994000,0.994000
173,29,16,25,1,0.043131,0.231545,-2.000000,-2.000000,-2.000000,-2.000000
174,26,22,27,4,0.118914,0.239738,-2.000000,-2.000000,-2.000000,-2.000000
175,27,27,26,3,0.387399,0.100369,-2.000000,-2.000000,-2.000000,-2.000000
176,25,22,27,1,0.006024,0.194039,0.989000,0.989000,-2.000000,-2.000000
177,15,16,14,3,0.155821,0.225409,0.992000,0.990000,0.992000,-2.000000
178,17,20,30,5,0.044018,0.003461,0.987000,0.992000,0.995000,-2.000000
179,29,30,24,4,0.083189,0.205320,-2.000000,0.989000,-2.000000,-2.000000
180,12,14,22,2,0.202802,0.067221,0.998000,0.998000,0.998000,0.998000
181,24,12,13,1,0.428053,0.188482,-2.000000,0.995000,0.995000,-2.000000
182,28,22,13,3,0.016452,0.146032,-2.000000,-2.000000,-2.000000,-2.000000
183,14,27,25,2,0.363401,0.232215,0.987000,0.987000,-2.000000,-2.000000
184,22,16,27,2,0.135465,0.156463,0.999000,0.999000,0.999000,0.999000
185,19,26,17,1,0.471310,0.247515,-2.000000,-1.002000,-2.000000,-2.000000
186,27,18,14,4,0.054464,0.217042,-2.000000,-2.000000,-2.000000,-2.000000
187,20,30,15,3,0.438768,0.183058,0.992000,-2.000000,0.992000,-2.000000
188,26,14,14,3,0.342929,0.190245,0.989000,0.987000,-2.000000,-2.000000
189,20,24,11,4,0.279232,0.108010,0.994000,-2.000000,0.994000,0.994000
190,22,21,10,2,0.450059,0.088540,-2.000000,-2.000000,-2.000000,-2.000000
191,31,25,23,4,0.465231,0.216278,-2.000000,0.987000,-2.000000,-2.000000
192,16,10,19,5,0.294975,0.246818,0.989000,-1.001000,-2.000000,-2.000000
193,27,28,13,2,0.402213,0.170797,-2.000000,-2.000000,-2.000000,-2.000000
194,25,11,31,5,0.055482,0.098425,1.000000,1.000000,1.000000,1.000000
195,14,23,11,4,0.106947,0.006523,1.000000,1.000000,1.000000,1.000000
196,29,28,26,2,0.308074,0.157260,0.992000,0.990000,0.994000,-2.000000
197,12,22,21,5,0.127416,0.202136,0.994000,0.994000,0.994000,0.992000
198,13,26,31,1,0.321104,0.166806,-2.000000,-1.000000,-2.000000,-2.000000
199,12,13,31,1,0.024425,0.186383,0.995000,0.995000,0.995000,-2.000000
200,11,24,8,2,0.055576,0.136721,0.989000,0.987000,0.991000,-2.000000
201,15,24,22,3,0.038233,0.204356,0.996000,0.996000,0.996000,0.996000
202,20,26,31,4,0.048876,0.160157,-2.000000,-2.000000,-2.000000,-2.000000
203,19,26,15,1,0.385554,0.174999,-2.000000,-2.000000,-2.000000,-2.000000
204,15,21,18,5,0.142582,0.038664,0.991000,0.989000,0.991000,0.991000
205,18,23,26,2,0.123598,0.181651,0.997000,0.997000,0.997000,0.997000
206,20,29,18,2,0.076731,0.089223,-2.000000,-2.000000,-2.000000,-2.000000
207,10,13,12,1,0.307997,0.164127,-2.000000,0.991000,-2.000000,-2.000000
208,25,21,25,3,0.431566,0.187857,-2.000000,-2.000000,-2.000000,-2.000000
209,20,27,12,1,0.490104,0.018214,-2.000000,-2.000000,-2.000000,-2.000000
210,23,30,17,4,0.358742,0.121228,0.995000,-2.000000,0.995000,0.995000
211,11,31,31,5,0.121619,0.101977,0.999000,0.999000,0.999000,0.999000
212,28,13,13,1,0.310491,0.022397,-2.000000,-2.000000,0.993000,0.993000
213,10,19,27,5,0.386095,0.234596,0.989000,-1.000000,-2.000000,-2.000000
214,23,30,28,1,0.179117,0.080294,-2.000000,-2.000000,-2.000000,-2.000000
215,12,25,15,1,0.085346,0.202157,-2.000000,-1.003000,-2.000000,-2.000000
216,10,12,8,2,0.356961,0.100312,0.992000,0.994000,0.994000,0.994000
217,18,26,13,2,0.240135,0.064413,0.997000,0.997000,0.997000,0.997000
218,18,31,27,5,0.039181,0.175870,-2.000000,-2.000000,-2.000000,-2.000000
219,14,30,15,2,0.316117,0.011412,-2.000000,0.993000,0.995000,-2.000000
220,17,14,21,2,0.012147,0.160705,0.999000,0.999000,0.999000,0.999000
221,13,12,24,1,0.255741,0.173186,0.998000,0.998000,0.998000,0.998000
222,22,28,28,2,0.340080,0.159738,0.996000,0.996000,0.996000,0.994000
223,22,21,23,3,0.134538,0.090010,0.995000,0.995000,0.995000,0.995000
224,17,30,9,5,0.313275,0.202131,0.991000,0.991000,0.991000,-2.000000
225,19,10,28,4,0.017425,0.114366,0.989000,0.987000,-2.000000,-2.000000
226,11,27,22,1,0.042555,0.098105,-2.000000,-1.000000,-2.000000,-2.000000
227,29,10,21,5,0.424704,0.000607,0.993000,0.993000,0.993000,-2.000000
228,17,16,17,1,0.102418,0.042962,-2.000000,-1.001000,-2.000000,-2.000000
229,30,24,23,5,0.057737,0.015569,-2.000000,-2.000000,-2.000000,-2.000000
230,15,22,23,2,0.088817,0.060326,-2.000000,-1.002000,-2.000000,-2.000000
231,17,26,12,2,0.288041,0.135599,0.998000,0.998000,0.998000,0.998000
232,13,11,10,2,0.193926,0.091286,0.990000,-2.000000,0.990000,-2.000000
233,16,28,20,1,0.085125,0.011447,0.998000,0.998000,0.998000,0.998000
234,23,23,27,3,0.283394,0.198195,1.000000,1.000000,1.000000,1.000000
235,19,31,20,4,0.283540,0.210992,0.997000,0.997000,0.997000,0.997000
236,22,21,28,4,0.283642,0.145181,0.994000,0.994000,0.994000,-2.000000
237,30,21,8,3,0.254905,0.021288,0.994000,0.990000,0.994000,0.994000
238,30,16,29,2,0.314428,0.075193,-2.000000,-1.001000,-2.000000,-2.000000
239,20,25,12,2,0.425863,0.009911,0.993000,0.993000,0.995000,0.991000
240,22,31,24,1,0.285084,0.066773,-2.000000,-2.000000,-2.000000,-2.000000
241,11,16,24,5,0.181582,0.186565,0.995000,0.995000,0.995000,0.995000
242,20,27,22,1,0.185380,0.082793,0.995000,0.995000,0.995000,0.995000
243,23,10,22,1,0.441234,0.210042,0.993000,0.993000,0.995000,0.995000
244,24,31,10,4,0.360470,0.077840,-2.000000,-2.000000,-2.000000,-2.000000
245,31,12,15,3,0.254681,0.114500,0.999000,0.999000,0.999000,0.999000
246,29,23,15,3,0.172022,0.023500,0.989000,0.987000,-2.000000,-2.000000
247,26,11,31,4,0.226005,0.204236,-2.000000,-1.000000,0.993000,-2.000000
248,13,10,30,4,0.082891,0.099807,0.996000,0.996000,0.996000,-2.000000
249,11,24,27,5,0.211702,0.124094,0.996000,0.996000,0.996000,0.994000
250,15,16,30,5,0.312832,0.123902,0.994000,0.994000,0.996000,0.996000
251,15,12,16,3,0.071470,0.155246,0.992000,0.992000,0.992000,-2.000000
252,12,30,30,4,0.215311,0.200651,0.997000,0.997000,0.997000,0.997000
253,17,14,18,4,0.375394,0.048373,0.994000,0.994000,0.996000,0.996000
254,25,27,24,1,0.269544,0.048409,-2.000000,0.991000,-2.000000,0.991000
255,19,30,26,5,0.369116,0.080281,-2.000000,0.978000,-2.000000,-2.000000
256,20,24,10,5,0.132475,0.019550,0.994000,-2.000000,0.994000,0.992000
257,21,28,8,2,0.056951,0.075670,0.999000,0.999000,0.999000,0.999000
258,27,30,15,1,0.049452,0.027738,-2.000000,0.981000,-2.000000,-2.000000
259,30,18,9,5,0.295728,0.238229,0.994000,0.992000,0.994000,0.994000
260,16,11,25,4,0.335965,0.199289,0.991000,0.993000,0.993000,0.993000
261,31,22,25,5,0.284061,0.225183,-2.000000,-2.000000,0.989000,-2.000000
262,26,27,12,1,0.461988,0.161170,0.989000,0.989000,-2.000000,-2.000000
263,21,12,30,4,0.262075,0.000582,0.997000,0.997000,0.997000,0.997000
264,29,30,28,3,0.183917,0.153505,-2.000000,0.985000,-2.000000,-2.000000
265,23,25,22,4,0.165702,0.198015,0.996000,0.996000,0.996000,0.996000
266,10,28,29,1,0.364511,0.132598,-2.000000,-1.003000,-2.000000,-2.000000
267,22,14,13,2,0.354881,0.067031,0.999000,0.999000,0.999000,0.999000
268,11,23,27,3,0.136132,0.246848,-2.000000,0.975000,-2.000000,-2.000000
269,27,27,20,4,0.101250,0.124420,0.993000,0.993000,0.993000,-2.000000
270,24,28,28,1,0.295173,0.187784,-2.000000,-1.003000,-2.000000,-2.000000
271,20,10,19,2,0.363797,0.200251,0.999000,0.999000,0.999000,0.999000
272,16,31,22,4,0.216877,0.179216,-2.000000,-1.006000,-2.000000,-2.000000
273,25,11,23,5,0.121319,0.013010,1.000000,1.000000,1.000000,1.000000
274,23,13,28,2,0.373755,0.038413,0.996000,-2.000000,0.996000,0.996000
275,25,13,30,3,0.217764,0.114864,0.993000,0.993000,0.993000,0.993000
276,14,21,19,4,0.401460,0.013790,0.997000,0.997000,0.997000,0.997000
277,19,18,26,1,0.408626,0.082943,-2.000000,-1.002000,-2.000000,-2.000000
278,22,18,15,2,0.215614,0.205510,-2.000000,-1.002000,-2.000000,-2.000000
279,15,16,17,1,0.280953,0.133428,0.994000,-2.000000,0.994000,-2.000000
280,23,15,16,4,0.440565,0.107565,0.989000,0.992000,0.992000,-2.000000
281,30,13,20,2,0.354244,0.232678,0.995000,0.995000,0.995000,0.995000
282,15,19,26,2,0.439970,0.216355,-2.000000,-1.003000,-2.000000,-2.000000
283,23,15,21,4,0.357768,0.100432,0.988000,0.986000,-2.000000,-2.000000
284,29,15,27,2,0.159852,0.091587,-2.000000,-1.000000,-2.000000,-2.000000
285,27,10,23,2,0.361852,0.036252,0.990000,-2.000000,0.996000,0.996000
286,13,10,12,3,0.219477,0.191422,0.994000,0.994000,0.994000,0.994000
287,15,24,18,3,0.247027,0.056273,0.997000,0.995000,0.997000,0.997000
288,20,11,31,4,0.225684,0.005261,0.997000,0.997000,0.997000,0.997000
289,27,15,30,2,0.231606,0.060963,-2.000000,-1.001000,-2.000000,-2.000000
290,21,16,12,3,0.405303,0.194545,0.995000,0.995000,0.997000,0.997000
291,30,25,24,4,0.456021,0.244627,-2.000000,-2.000000,0.990000,-2.000000
292,20,24,24,3,0.437210,0.247490,-2.000000,0.985000,-2.000000,-2.000000
293,10,31,26,1,0.153237,0.065948,0.997000,0.997000,0.997000,-2.000000
294,26,25,28,1,0.191980,0.046505,0.999000,0.999000,0.999000,0.999000
295,22,14,15,1,0.315607,0.240848,0.991000,-2.000000,0.991000,-2.000000
296,27,29,27,1,0.207021,0.003241,0.993000,0.993000,0.993000,-2.000000
297,17,24,27,5,0.292079,0.092600,0.996000,-2.000000,0.996000,0.996000
298,23,31,23,3,0.131207,0.247734,0.995000,0.995000,0.995000,-2.000000
299,29,11,20,2,0.314748,0.032005,0.990000,0.992000,0.994000,-2.000000
300,11,30,13,2,0.440413,0.110893,-2.000000,-2.000000,0.989000,-2.000000
301,24,11,12,3,0.311833,0.013752,0.997000,-2.000000,0.997000,0.997000
302,18,22,31,4,0.281314,0.058956,0.998000,0.998000,0.998000,0.998000
303,10,12,14,2,0.370939,0.166752,0.995000,0.995000,0.995000,0.993000
304,21,31,8,4,0.113597,0.123741,0.995000,0.993000,0.995000,0.995000
305,16,22,9,5,0.426497,0.011273,0.992000,0.990000,0.992000,-2.000000
306,31,18,26,5,0.364922,0.053194,1.000000,1.000000,1.000000,1.000000
307,20,20,14,5,0.010063,0.130568,0.998000,0.994000,0.998000,0.998000
308,19,30,20,1,0.223864,0.158851,-2.000000,-1.002000,-2.000000,-2.000000
309,22,12,21,2,0.375165,0.083992,0.996000,0.996000,0.996000,0.996000
310,13,21,27,3,0.365508,0.191999,0.992000,-1.000000,0.994000,-2.000000
311,28,22,14,1,0.043478,0.048117,0.994000,0.994000,0.994000,-2.000000
312,27,15,25,4,0.019551,0.066979,0.992000,0.986000,0.994000,-2.000000
313,27,25,14,4,0.315391,0.137839,-2.000000,-2.000000,-2.000000,-2.000000
314,30,30,28,3,0.145058,0.037135,-2.000000,-1.001000,-2.000000,-2.000000
315,27,12,30,1,0.202005,0.188035,0.993000,-2.000000,0.993000,-2.000000
316,22,24,9,1,0.114050,0.015607,-2.000000,-2.000000,-2.000000,-2.000000
317,15,25,27,3,0.160212,0.035971,1.000000,1.000000,1.000000,1.000000
318,19,30,17,5,0.425144,0.232960,0.993000,0.989000,0.993000,-2.000000
319,20,22,19,4,0.294730,0.204805,0.999000,0.999000,0.999000,0.999000
320,27,29,14,1,0.380327,0.246474,-2.000000,-1.002000,-2.000000,-2.000000
321,21,15,30,2,0.311701,0.210006,0.992000,-1.000000,0.992000,-2.000000
322,10,25,14,3,0.407728,0.110169,0.997000,0.997000,0.997000,0.997000
323,23,26,31,4,0.357655,0.005974,0.999000,0.999000,0.999000,0.999000
324,17,12,10,4,0.044092,0.196748,0.987000,-2.000000,0.993000,-2.000000
325,20,24,29,3,0.384820,0.079930,-2.000000,-1.003000,-2.000000,-2.000000
326,17,27,29,3,0.151146,0.185314,0.991000,-2.000000,0.993000,0.989000
327,28,13,14,3,0.413358,0.050573,0.996000,0.996000,0.996000,0.996000
328,25,27,22,5,0.030469,0.124224,0.991000,-2.000000,0.995000,-2.000000
329,11,17,28,5,0.052222,0.050046,0.998000,0.998000,0.998000,0.998000
330,18,30,25,1,0.406261,0.042378,-2.000000,-1.001000,-2.000000,-2.000000
331,16,11,23,2,0.312237,0.002206,1.000000,1.000000,1.000000,1.000000
332,23,31,28,3,0.313267,0.201496,-2.000000,-2.000000,-2.000000,-2.000000
333,10,29,19,3,0.219539,0.177049,0.997000,0.997000,0.997000,-2.000000
334,21,13,24,1,0.216422,0.224987,-2.000000,-1.001000,-2.000000,-2.000000
335,12,20,11,4,0.283550,0.015119,1.000000,1.000000,1.000000,1.000000
336,25,14,28,5,0.098002,0.158432,0.995000,0.988000,0.995000,0.995000
337,18,26,28,5,0.417261,0.231591,-2.000000,0.982000,-2.000000,-2.000000
338,16,10,25,2,0.220804,0.117942,0.998000,0.998000,0.998000,0.998000
339,23,16,22,2,0.264724,0.029461,-2.000000,-1.004000,-2.000000,-2.000000
340,15,18,20,5,0.263543,0.132408,0.998000,0.998000,0.998000,0.998000
341,14,26,26,4,0.151114,0.103947,0.995000,0.995000,0.995000,0.995000
342,13,29,24,5,0.327380,0.136887,0.991000,0.991000,0.993000,-2.000000
343,10,29,10,4,0.190091,0.199019,0.994000,0.994000,0.994000,-2.000000
344,27,31,25,4,0.062424,0.027458,-2.000000,-2.000000,0.990000,0.990000
345,17,17,23,3,0.101064,0.239542,-2.000000,-1.001000,-2.000000,-2.000000
346,12,11,23,3,0.183364,0.196563,0.999000,0.999000,0.999000,0.999000
347,30,20,28,1,0.375437,0.191403,0.987000,0.987000,0.989000,-2.000000
348,31,14,24,2,0.469325,0.118130,-2.000000,-1.001000,-2.000000,-2.000000
349,22,15,8,1,0.048340,0.022957,-2.000000,-2.000000,-2.000000,-2.000000
350,11,27,30,1,0.190386,0.090844,-2.000000,-1.000000,-2.000000,-2.000000
351,14,18,12,3,0.245455,0.065500,-2.000000,-1.003000,-2.000000,-2.000000
352,21,23,31,5,0.020306,0.015097,0.996000,0.996000,0.996000,0.994000
353,15,17,9,1,0.402887,0.037948,-2.000000,0.996000,0.996000,0.994000
354,11,14,8,1,0.076264,0.192823,0.989000,-1.001000,0.991000,-2.000000
355,31,27,11,1,0.219879,0.107354,-2.000000,-2.000000,0.988000,-2.000000
356,22,15,18,3,0.390882,0.247802,0.993000,0.993000,0.993000,-2.000000
357,18,31,17,1,0.055046,0.128933,-2.000000,-1.001000,-2.000000,-2.000000
358,12,14,29,5,0.005903,0.178697,-2.000000,-1.003000,0.991000,-2.000000
359,27,20,21,1,0.311356,0.186987,-2.000000,0.974000,-2.000000,-2.000000
360,14,16,10,2,0.443542,0.014136,0.992000,-2.000000,0.992000,0.992000
361,20,19,13,4,0.023783,0.145177,0.998000,0.998000,0.998000,0.998000
362,12,22,28,3,0.379343,0.044475,1.000000,1.000000,1.000000,1.000000
363,24,18,20,4,0.248319,0.185221,0.998000,0.998000,0.998000,0.998000
364,16,20,15,4,0.487025,0.063256,0.995000,-2.000000,0.995000,0.993000
365,25,15,17,5,0.298882,0.166551,0.998000,0.996000,0.998000,0.998000
366,31,12,22,4,0.393476,0.241663,-2.000000,-2.000000,-2.000000,-2.000000
367,20,26,30,1,0.271821,0.157109,0.995000,0.995000,0.995000,-2.000000
368,31,19,12,2,0.113024,0.205028,-2.000000,-2.000000,0.990000,-2.000000
369,20,21,15,5,0.193345,0.218464,0.990000,-2.000000,0.992000,-2.000000
370,28,28,22,3,0.218097,0.222123,0.994000,0.994000,0.994000,-2.000000
371,26,26,24,2,0.436273,0.154074,-2.000000,-1.004000,-2.000000,-2.000000
372,28,12,16,5,0.315365,0.075558,-2.000000,-2.000000,-2.000000,-2.000000
373,29,23,17,1,0.413855,0.197288,-2.000000,0.984000,-2.000000,-2.000000
374,16,16,10,4,0.165069,0.156258,0.998000,0.998000,0.998000,0.998000
375,14,29,18,4,0.052762,0.022220,0.996000,0.996000,0.996000,0.996000
376,25,29,23,5,0.354081,0.239400,0.988000,-1.001000,-2.000000,-2.000000
377,10,11,13,5,0.413543,0.223559,0.998000,0.998000,0.998000,0.998000
378,11,10,28,3,0.082216,0.238620,0.996000,0.996000,0.996000,0.995000
379,10,20,20,2,0.436463,0.062957,0.990000,0.994000,0.994000,-2.000000
380,24,31,14,2,0.348314,0.125450,-2.000000,-2.000000,-2.000000,-2.000000
381,30,18,29,3,0.480797,0.009994,0.994000,0.994000,0.994000,0.994000
382,21,18,24,4,0.228744,0.081648,0.998000,0.998000,0.998000,0.998000
383,15,17,30,4,0.444169,0.076039,-2.000000,-1.001000,0.993000,-2.000000
384,30,14,12,3,0.482839,0.207866,-2.000000,-2.000000,-2.000000,-2.000000
385,31,30,13,1,0.312094,0.070250,-2.000000,0.987000,0.993000,-2.000000
386,27,29,17,2,0.262039,0.193326,-2.000000,-2.000000,-2.000000,-2.000000
387,16,21,12,1,0.494611,0.032798,-2.000000,-1.007000,-2.000000,-2.000000
388,11,23,20,4,0.468640,0.048812,0.995000,0.995000,0.995000,-2.000000
389,27,23,26,4,0.217337,0.158285,0.991000,-2.000000,0.996000,-2.000000
390,11,13,31,5,0.351775,0.128606,0.989000,0.989000,-2.000000,-2.000000
391,22,29,28,4,0.315905,0.243482,0.982000,-2.000000,-2.000000,-2.000000
392,14,25,9,4,0.423593,0.232872,0.990000,-2.000000,0.990000,0.990000
393,10,24,11,1,0.407543,0.133608,0.995000,0.995000,0.995000,0.995000
394,20,12,30,4,0.093371,0.048563,0.997000,0.997000,0.997000,0.997000
395,20,29,21,4,0.375411,0.095247,0.996000,0.996000,0.996000,0.996000
396,11,14,10,1,0.364427,0.086845,0.990000,-2.000000,0.990000,0.990000
397,14,29,28,5,0.250946,0.126712,-2.000000,-1.000000,-2.000000,-2.000000
398,15,14,24,3,0.171858,0.159417,-2.000000,-1.001000,-2.000000,-2.000000
399,16,21,31,3,0.487114,0.218097,0.989000,0.985000,-2.000000,-2.000000
400,26,24,8,2,0.311875,0.054811,-2.000000,0.983000,-2.000000,-2.000000
401,14,10,24,1,0.292299,0.095402,0.997000,0.997000,0.997000,0.995000
402,25,28,27,2,0.391797,0.196774,-2.000000,-1.000000,-2.000000,-2.000000
403,18,30,18,5,0.447303,0.178184,0.999000,0.999000,0.999000,0.999000
404,25,12,16,4,0.476972,0.057625,-2.000000,0.986000,-2.000000,-2.000000
405,26,12,26,2,0.098448,0.041715,-2.000000,-1.002000,-2.000000,-2.000000
406,27,21,19,4,0.455514,0.071379,0.993000,0.993000,0.993000,0.993000
407,22,22,13,1,0.307679,0.002197,-2.000000,-2.000000,-2.000000,-2.000000
408,19,31,29,5,0.283626,0.013315,0.991000,-2.000000,0.991000,-2.000000
409,16,21,27,4,0.228341,0.241897,0.999000,0.998000,0.999000,0.999000
410,29,11,19,5,0.236169,0.032033,-2.000000,-2.000000,0.989000,-2.000000
411,26,29,19,4,0.308366,0.152259,-2.000000,-1.002000,-2.000000,-2.000000
412,15,22,18,2,0.163530,0.099726,0.995000,0.995000,0.995000,0.995000
413,25,15,23,2,0.482586,0.104919,-2.000000,-1.000000,-2.000000,-2.000000
414,12,15,19,2,0.215541,0.048963,0.991000,0.993000,0.993000,-2.000000
415,11,21,28,1,0.305412,0.196904,-2.000000,-1.000000,-2.000000,-2.000000
416,22,10,24,1,0.169991,0.028130,-2.000000,-2.000000,-2.000000,-2.000000
417,18,26,28,2,0.251225,0.086347,0.995000,0.995000,0.995000,0.995000
418,30,27,27,1,0.313777,0.235137,-2.000000,0.985000,0.993000,-2.000000
419,11,26,8,2,0.427284,0.074303,0.994000,-2.000000,0.995000,0.994000
420,23,25,30,4,0.460514,0.107139,-2.000000,-2.000000,-2.000000,-2.000000
421,12,24,11,2,0.312938,0.076521,-2.000000,-2.000000,-2.000000,-2.000000
422,19,15,27,5,0.485284,0.077578,0.998000,0.998000,0.998000,0.998000
423,28,16,12,4,0.299490,0.198665,0.992000,-2.000000,0.992000,-2.000000
424,14,31,27,1,0.257886,0.095956,0.998000,0.998000,0.998000,0.998000
425,17,20,18,2,0.362227,0.155729,0.997000,0.997000,0.997000,0.997000
426,27,22,17,1,0.010605,0.021200,-2.000000,-2.000000,-2.000000,-2.000000
427,12,27,15,4,0.372537,0.208041,0.998000,0.998000,0.998000,0.998000
428,31,31,28,5,0.465488,0.109540,0.999000,0.999000,0.999000,0.999000
429,21,12,14,1,0.385925,0.171889,-2.000000,-1.000000,-2.000000,-2.000000
430,12,20,13,3,0.346454,0.112369,0.996000,0.996000,0.996000,0.996000
431,25,25,26,4,0.472632,0.070392,0.994000,-2.000000,0.994000,0.994000
432,31,10,20,5,0.044728,0.135729,-2.000000,-1.003000,-2.000000,-2.000000
433,22,19,18,5,0.062323,0.086844,0.995000,0.993000,0.997000,0.997000
434,22,31,8,3,0.095050,0.033773,-2.000000,-2.000000,-2.000000,-2.000000
435,19,29,11,5,0.424132,0.181050,0.988000,-2.000000,-2.000000,-2.000000
436,14,29,27,4,0.419929,0.084740,0.998000,0.998000,0.998000,0.998000
437,20,12,8,5,0.013399,0.045301,0.999000,0.999000,0.999000,0.999000
438,31,19,28,5,0.405882,0.115158,1.000000,1.000000,1.000000,1.000000
439,15,25,23,5,0.103701,0.096758,0.993000,-2.000000,0.993000,0.993000
440,13,31,27,5,0.489986,0.164018,0.993000,0.991000,0.993000,-2.000000
441,20,24,18,2,0.195530,0.093062,0.991000,0.991000,0.991000,-2.000000
442,22,18,8,3,0.287321,0.168908,-2.000000,-2.000000,0.984000,-2.000000
443,26,17,17,2,0.027846,0.214477,0.992000,0.992000,0.992000,-2.000000
444,12,25,26,2,0.337746,0.149615,-2.000000,-2.000000,0.992000,-2.000000
445,25,25,21,5,0.127726,0.116804,0.998000,0.998000,0.998000,0.998000
446,27,20,24,2,0.295048,0.191194,0.989000,0.989000,0.989000,-2.000000
447,26,20,27,3,0.345858,0.225334,-2.000000,-1.002000,-2.000000,-2.000000
448,23,10,25,2,0.058945,0.218099,-2.000000,0.989000,-2.000000,-2.000000
449,17,29,12,2,0.389752,0.007980,0.994000,0.994000,0.994000,-2.000000
450,19,26,21,3,0.131081,0.068074,-2.000000,-1.004000,-2.000000,-2.000000
451,17,20,20,2,0.421250,0.036826,0.999000,0.999000,0.999000,0.999000
452,20,15,27,5,0.381452,0.194820,0.990000,-2.000000,0.994000,-2.000000
453,25,13,12,3,0.305297,0.207601,0.992000,0.991000,0.992000,-2.000000
454,19,21,19,4,0.264592,0.020602,0.999000,-2.000000,0.999000,0.999000
455,28,18,8,1,0.380289,0.122701,-2.000000,-2.000000,-2.000000,-2.000000
456,26,14,26,5,0.292458,0.159959,0.999000,0.999000,0.999000,0.999000
457,23,20,15,2,0.091520,0.093206,-2.000000,-2.000000,0.992000,-2.000000
458,18,21,17,2,0.136046,0.066765,0.991000,-2.000000,0.991000,-2.000000
459,12,22,17,2,0.379892,0.075903,0.995000,0.995000,0.995000,0.995000
460,28,21,26,1,0.411861,0.214804,0.993000,0.993000,0.993000,-2.000000
461,13,13,23,2,0.023589,0.060520,0.992000,0.992000,0.994000,-2.000000
462,29,20,31,5,0.053018,0.092666,0.994000,0.994000,0.994000,0.994000
463,29,10,26,4,0.205369,0.195385,1.000000,1.000000,1.000000,1.000000
464,10,22,27,2,0.493485,0.125896,0.990000,0.992000,-2.000000,-2.000000
465,26,23,28,5,0.187938,0.029315,0.993000,0.991000,0.993000,-2.000000
466,23,25,24,5,0.296781,0.002432,0.993000,0.993000,0.993000,-2.000000
467,12,17,9,1,0.007972,0.179783,-2.000000,-2.000000,-2.000000,-2.000000
468,11,12,25,1,0.423681,0.054335,-2.000000,-1.001000,0.993000,-2.000000
469,28,25,26,3,0.048113,0.186977,0.994000,0.994000,0.994000,-2.000000
470,17,13,16,2,0.198386,0.017533,0.997000,0.996000,0.997000,0.996000
471,26,10,8,2,0.227083,0.243974,-2.000000,-2.000000,-2.000000,-2.000000
472,21,30,17,3,0.318868,0.078750,-2.000000,0.986000,-2.000000,-2.000000
473,23,11,15,4,0.053970,0.237007,0.994000,0.994000,0.994000,0.994000
474,24,25,17,5,0.141348,0.091291,0.991000,0.989000,0.991000,-2.000000
475,16,21,12,1,0.350411,0.203956,-2.000000,-2.000000,-2.000000,-2.000000
476,29,17,8,4,0.005129,0.090200,0.997000,0.997000,0.997000,0.997000
477,17,11,22,1,0.076895,0.243188,0.983000,-1.003000,-2.000000,-2.000000
478,12,21,13,4,0.431964,0.139996,1.000000,1.000000,1.000000,1.000000
479,27,13,17,3,0.075565,0.161736,-2.000000,-2.000000,-2.000000,-2.000000
480,19,27,11,4,0.328820,0.070702,-2.000000,-2.000000,-2.000000,-2.000000
481,14,18,18,3,0.036353,0.047970,0.993000,0.993000,0.995000,-2.000000
482,11,29,27,3,0.423622,0.003639,0.990000,-2.000000,-2.000000,-2.000000
483,31,20,21,2,0.343451,0.126003,1.000000,1.000000,1.000000,1.000000
484,30,11,19,1,0.147706,0.147720,0.998000,0.998000,0.998000,0.998000
485,19,21,13,5,0.078432,0.124910,0.995000,0.995000,0.995000,-2.000000
486,17,23,13,5,0.154984,0.006187,0.998000,0.996000,0.998000,0.998000
487,22,13,9,5,0.010504,0.217281,-2.000000,-2.000000,0.991000,-2.000000
488,27,11,20,2,0.329056,0.149766,0.999000,0.999000,0.999000,0.999000
489,29,11,28,3,0.195071,0.071394,1.000000,1.000000,1.000000,1.000000
490,17,27,27,1,0.191328,0.151090,0.992000,0.990000,0.992000,-2.000000
491,11,27,17,1,0.308199,0.239572,-2.000000,-1.005000,-2.000000,-2.000000
492,20,11,16,4,0.433271,0.067164,0.995000,0.995000,0.995000,0.995000
493,16,17,20,3,0.126239,0.047338,0.993000,0.991000,0.993000,-2.000000
494,29,26,12,1,0.258421,0.020603,-2.000000,-2.000000,-2.000000,-2.000000
495,10,14,16,3,0.482977,0.136705,0.993000,-1.000000,0.993000,-2.000000
496,10,22,23,5,0.165245,0.036588,0.996000,0.996000,0.996000,-2.000000
497,22,25,15,5,0.475047,0.084104,0.991000,-2.000000,0.991000,-2.000000
498,17,17,17,3,0.057081,0.064511,0.992000,-2.000000,0.993000,0.993000
499,16,26,16,2,0.230375,0.085994,1.000000,1.000000,1.000000,1.000000
500,27,11,17,5,0.096516,0.211442,0.999000,0.999000,0.999000,0.999000
501,30,25,10,1,0.151161,0.169688,0.993000,-2.000000,0.993000,0.991000
502,25,20,16,4,0.004024,0.211333,0.993000,0.995000,0.997000,0.997000
503,20,16,11,1,0.385517,0.229758,0.993000,0.995000,0.995000,0.995000
504,17,10,21,4,0.170035,0.228456,0.994000,0.994000,0.996000,0.996000
505,14,18,31,4,0.170643,0.036071,1.000000,1.000000,1.000000,1.000000
506,30,24,23,1,0.372994,0.027364,-2.000000,-1.003000,-2.000000,-2.000000
507,29,24,9,1,0.459768,0.055142,-2.000000,-2.000000,-2.000000,-2.000000
508,28,15,23,2,0.151732,0.143514,-2.000000,-1.001000,-2.000000,-2.000000
509,17,21,27,4,0.197893,0.060766,0.999000,0.999000,0.999000,0.999000
510,12,22,17,2,0.264936,0.008653,0.989000,0.989000,0.991000,-2.000000
511,31,11,11,3,0.115994,0.145968,1.000000,1.000000,1.000000,1.000000
512,10,17,19,4,0.057885,0.096914,0.997000,0.997000,0.997000,0.997000
513,21,27,22,5,0.349966,0.248074,0.996000,0.996000,0.996000,0.996000
514,28,15,19,3,0.283786,0.041105,-2.000000,-1.001000,-2.000000,-2.000000
515,17,12,25,3,0.112211,0.025692,-2.000000,-2.000000,-2.000000,-2.000000
516,15,20,20,3,0.042460,0.233802,0.996000,0.996000,0.996000,-2.000000
517,27,21,19,2,0.440706,0.173358,0.996000,0.996000,0.996000,0.996000
518,19,20,29,1,0.184423,0.183329,-2.000000,-1.000000,-2.000000,-2.000000
519,15,20,26,1,0.126242,0.182668,0.995000,0.995000,0.995000,0.995000
520,16,16,12,3,0.210679,0.168765,0.997000,0.997000,0.997000,0.997000
521,16,29,10,5,0.145812,0.165768,0.997000,0.997000,0.997000,0.997000
522,19,11,15,2,0.477366,0.179225,0.991000,0.993000,0.993000,0.993000
523,10,27,15,4,0.268778,0.048825,1.000000,1.000000,1.000000,1.000000
524,10,16,13,1,0.492480,0.085418,0.991000,0.989000,0.991000,-2.000000
525,30,25,11,1,0.075193,0.248126,-2.000000,-2.000000,-2.000000,-2.000000
526,16,23,23,1,0.146382,0.203608,-2.000000,-1.002000,-2.000000,-2.000000
527,23,27,20,5,0.186980,0.158654,0.995000,0.991000,0.995000,0.995000
528,11,22,18,3,0.414450,0.138677,0.994000,-2.000000,0.994000,-2.000000
529,12,13,16,1,0.399052,0.096813,0.993000,0.991000,0.993000,-2.000000
530,30,29,14,4,0.210439,0.121968,-2.000000,-2.000000,-2.000000,-2.000000
531,29,15,21,2,0.454584,0.198762,0.995000,0.993000,0.995000,0.993000
532,14,16,12,4,0.179278,0.219920,0.995000,-2.000000,0.995000,0.995000
533,17,17,19,5,0.419685,0.187942,0.998000,0.998000,0.998000,0.998000
534,14,10,31,5,0.394692,0.130940,0.994000,0.994000,0.994000,-2.000000
535,31,13,21,3,0.338797,0.082562,0.995000,0.995000,0.995000,-2.000000
536,13,30,22,5,0.235136,0.192933,0.997000,0.995000,0.997000,0.997000
537,15,23,17,4,0.191884,0.048886,-2.000000,-1.001000,0.992000,-2.000000
538,26,11,30,1,0.368152,0.245228,-2.000000,0.990000,-2.000000,-2.000000
539,10,27,19,3,0.381095,0.061591,0.994000,0.994000,0.994000,-2.000000
540,18,27,28,2,0.418593,0.232242,0.991000,-1.002000,-2.000000,-2.000000
541,17,18,12,5,0.460702,0.108316,0.999000,0.999000,0.999000,0.999000
542,11,11,22,5,0.106520,0.049813,0.997000,0.997000,0.997000,0.997000
543,26,21,12,3,0.226343,0.029813,0.987000,-2.000000,-2.000000,-2.000000
544,23,22,31,4,0.338820,0.234208,0.994000,0.994000,0.995000,-2.000000
545,19,15,27,3,0.057240,0.223247,0.991000,0.993000,0.993000,-2.000000
546,30,26,13,3,0.480515,0.130812,-2.000000,-2.000000,-2.000000,-2.000000
547,30,25,8,1,0.465789,0.179307,0.994000,0.992000,0.994000,-2.000000
548,12,27,24,4,0.180358,0.237949,1.000000,1.000000,1.000000,1.000000
549,27,16,12,5,0.449310,0.039161,0.998000,0.998000,0.998000,0.998000
550,19,19,31,1,0.160263,0.181264,-2.000000,0.997000,0.997000,0.997000
551,20,16,21,1,0.382570,0.134443,-2.000000,-1.000000,-2.000000,-2.000000
552,16,18,28,2,0.485166,0.043811,-2.000000,-1.001000,-2.000000,-2.000000
553,11,25,29,3,0.169282,0.085861,0.989000,-1.001000,0.991000,-2.000000
554,15,12,11,1,0.006430,0.234715,-2.000000,-2.000000,-2.000000,-2.000000
555,13,15,25,4,0.461876,0.142524,0.998000,0.998000,0.998000,0.998000
556,31,21,28,4,0.118376,0.143528,-2.000000,-2.000000,-2.000000,-2.000000
557,28,14,22,5,0.326807,0.162272,-2.000000,0.984000,-2.000000,-2.000000
558,12,20,12,3,0.182598,0.167468,0.991000,-2.000000,0.991000,-2.000000
559,29,14,23,2,0.135527,0.112566,-2.000000,-1.000000,-2.000000,-2.000000
560,11,29,17,5,0.428541,0.192898,0.993000,-2.000000,0.993000,0.993000
561,16,19,18,1,0.343808,0.065575,-2.000000,-1.003000,-2.000000,-2.000000
562,24,21,22,2,0.171786,0.239274,0.997000,0.997000,0.997000,0.997000
563,27,30,14,3,0.000516,0.149791,-2.000000,-1.000000,-2.000000,-2.000000
564,27,20,14,5,0.259064,0.115136,0.998000,0.998000,0.998000,0.998000
565,31,16,8,3,0.298919,0.248912,0.995000,-2.000000,0.995000,0.995000
566,23,25,22,5,0.161914,0.181938,0.990000,-2.000000,0.992000,-2.000000
567,15,21,24,1,0.225267,0.151232,0.992000,0.994000,0.994000,-2.000000
568,12,19,16,1,0.424318,0.164049,-2.000000,-1.004000,-2.000000,-2.000000
569,19,31,8,4,0.250985,0.149809,-2.000000,-2.000000,-2.000000,-2.000000
570,30,19,31,4,0.482412,0.032032,0.995000,0.995000,0.995000,0.995000
571,30,18,22,1,0.299315,0.077254,0.992000,-2.000000,0.992000,0.992000
572,29,23,8,2,0.380609,0.179184,-2.000000,-2.000000,-2.000000,-2.000000
573,18,18,25,3,0.106206,0.019813,-2.000000,-1.001000,-2.000000,-2.000000
574,29,13,29,3,0.468840,0.220385,0.982000,-1.003000,-2.000000,-2.000000
575,25,31,30,3,0.284430,0.245969,0.996000,0.994000,0.996000,0.996000
576,29,17,8,3,0.343664,0.150673,-2.000000,-2.000000,-2.000000,-2.000000
577,19,28,8,4,0.167241,0.131459,0.992000,-2.000000,0.992000,-2.000000
578,20,12,27,2,0.025491,0.071928,0.999000,0.999000,0.999000,0.999000
579,11,30,22,2,0.315320,0.076012,0.994000,0.994000,0.994000,0.994000
580,17,31,30,4,0.410926,0.093593,0.994000,0.988000,0.994000,-2.000000
581,25,24,16,4,0.485304,0.231705,0.996000,-2.000000,0.996000,0.996000
582,18,12,24,2,0.112743,0.217304,0.995000,0.995000,0.995000,0.993000
583,12,31,13,3,0.437576,0.176599,0.992000,-2.000000,0.992000,-2.000000
584,10,22,9,5,0.121839,0.215094,0.994000,0.994000,0.994000,0.994000
585,25,16,30,4,0.131471,0.177653,0.992000,0.995000,0.996000,0.996000
586,13,27,27,5,0.436540,0.237997,0.998000,0.998000,0.998000,0.998000
587,23,17,24,1,0.241797,0.115953,-2.000000,-1.001000,-2.000000,-2.000000
588,26,28,19,5,0.290773,0.008027,0.995000,-2.000000,0.995000,0.993000
589,11,18,19,5,0.357579,0.159066,0.997000,0.997000,0.997000,0.997000
590,28,12,8,1,0.090519,0.027127,-2.000000,-2.000000,-2.000000,-2.000000
591,11,19,30,4,0.008211,0.178052,0.991000,0.993000,0.993000,0.993000
592,16,25,17,5,0.137884,0.234777,0.996000,0.996000,0.996000,-2.000000
593,25,29,14,5,0.306056,0.192840,-2.000000,-2.000000,-2.000000,-2.000000
594,13,21,25,5,0.391536,0.230603,0.999000,0.999000,0.999000,0.999000
595,14,24,21,3,0.207211,0.022598,1.000000,1.000000,1.000000,1.000000
596,25,10,21,4,0.437221,0.069031,0.997000,0.995000,0.997000,0.995000
597,25,26,19,1,0.377856,0.074455,-2.000000,-1.001000,-2.000000,-2.000000
598,22,26,26,4,0.022149,0.056208,-2.000000,0.993000,0.995000,-2.000000
599,12,18,28,2,0.330037,0.200504,0.993000,0.993000,0.993000,-2.000000
600,20,20,24,2,0.289402,0.051813,0.991000,0.993000,0.993000,-2.000000
601,31,20,30,3,0.029168,0.039989,-2.000000,0.992000,0.992000,-2.000000
602,20,13,12,3,0.092109,0.010263,0.997000,0.997000,0.997000,0.997000
603,26,12,21,5,0.079611,0.055494,0.998000,0.998000,0.998000,0.998000
604,11,15,19,1,0.298793,0.156279,-2.000000,-1.001000,0.992000,-2.000000
605,11,10,17,2,0.276256,0.092627,0.992000,-1.000000,-2.000000,-2.000000
606,24,15,23,4,0.296245,0.229706,0.988000,-1.000000,0.994000,-2.000000
607,19,21,15,1,0.025276,0.195606,-2.000000,-1.001000,-2.000000,-2.000000
608,12,20,8,2,0.421409,0.043286,0.998000,0.998000,0.998000,0.998000
609,31,18,31,3,0.243412,0.160780,0.995000,0.995000,0.995000,-2.000000
610,30,12,20,3,0.283696,0.114646,0.989000,-2.000000,-2.000000,-2.000000
611,24,28,11,2,0.456861,0.125526,-2.000000,-2.000000,-2.000000,-2.000000
612,13,30,25,5,0.157433,0.184500,0.994000,-2.000000,0.994000,-2.000000
613,19,29,14,3,0.350730,0.188896,-2.000000,-2.000000,-2.000000,-2.000000
614,15,19,21,5,0.155102,0.151698,0.996000,0.996000,0.996000,0.996000
615,15,10,20,2,0.249987,0.176503,0.993000,0.993000,0.993000,-2.000000
616,13,28,25,1,0.453618,0.190462,0.997000,0.997000,0.997000,0.997000
617,19,26,23,3,0.093317,0.191163,0.990000,-2.000000,0.990000,-2.000000
618,16,10,25,1,0.118386,0.183208,0.985000,-1.002000,-2.000000,-2.000000
619,30,17,23,1,0.185648,0.061296,0.990000,0.990000,-2.000000,-2.000000
620,19,26,29,2,0.497837,0.119557,-2.000000,-1.002000,-2.000000,-2.000000
621,27,14,29,1,0.260549,0.245672,0.991000,-1.001000,0.993000,-2.000000
622,10,10,12,3,0.474256,0.206917,0.995000,0.995000,0.995000,-2.000000
623,15,13,13,2,0.334264,0.175706,-2.000000,-2.000000,0.995000,-2.000000
624,12,12,10,1,0.151487,0.067250,0.995000,0.995000,0.995000,0.995000
625,12,30,23,1,0.263667,0.206918,0.990000,0.994000,0.994000,-2.000000
626,11,11,10,4,0.238921,0.127375,0.995000,0.988000,0.997000,0.997000
627,27,27,12,1,0.300588,0.037653,-2.000000,-1.011000,-2.000000,-2.000000
628,10,30,20,3,0.309568,0.013794,0.992000,0.990000,0.992000,-2.000000
629,21,18,17,1,0.271204,0.235779,0.995000,0.995000,0.995000,0.995000
630,15,30,30,4,0.078873,0.066725,-2.000000,0.992000,0.992000,-2.000000
631,30,26,20,3,0.101949,0.093732,0.996000,0.996000,0.996000,0.996000
632,28,29,18,2,0.257283,0.187605,0.996000,0.994000,0.996000,0.996000
633,15,31,16,5,0.102946,0.005035,0.988000,-2.000000,-2.000000,-2.000000
634,24,16,20,3,0.267958,0.086351,0.996000,0.996000,0.996000,0.996000
635,20,27,25,5,0.243993,0.113477,0.992000,0.992000,0.992000,-2.000000
636,22,17,23,4,0.087580,0.208610,0.995000,-2.000000,0.995000,0.995000
637,17,31,8,1,0.191882,0.133982,-2.000000,-2.000000,-2.000000,-2.000000
638,12,23,23,3,0.235382,0.077109,0.991000,0.991000,0.995000,0.995000
639,11,15,11,1,0.415494,0.020239,-2.000000,0.991000,0.991000,-2.000000
640,19,18,26,4,0.103091,0.139985,0.989000,0.989000,0.992000,-2.000000
641,21,27,13,1,0.363565,0.088025,-2.000000,-2.000000,-2.000000,-2.000000
642,18,11,22,2,0.232861,0.136749,0.996000,0.996000,0.996000,0.996000
643,29,21,14,5,0.453076,0.047961,0.999000,0.999000,0.999000,0.999000
644,14,13,25,5,0.357626,0.030551,0.998000,0.998000,0.998000,0.998000
645,26,12,12,5,0.019882,0.186919,0.992000,-2.000000,0.992000,-2.000000
646,29,14,13,4,0.178835,0.080935,0.991000,-2.000000,0.992000,-2.000000
647,12,15,30,4,0.290810,0.154484,0.998000,0.998000,0.998000,0.998000
648,11,13,12,2,0.359586,0.158876,0.996000,0.996000,0.996000,0.996000
649,17,19,14,1,0.195124,0.174732,0.996000,0.996000,0.996000,0.996000
650,20,14,23,5,0.266674,0.096685,0.999000,0.999000,0.999000,0.999000
651,21,13,28,1,0.222071,0.025609,0.992000,-1.000000,0.994000,-2.000000
652,28,21,20,3,0.175363,0.054296,0.995000,0.995000,0.995000,-2.000000
653,30,28,20,1,0.279252,0.243574,-2.000000,0.985000,-2.000000,-2.000000
654,11,10,20,3,0.230391,0.246796,0.997000,0.997000,0.997000,-2.000000
655,15,16,17,5,0.061460,0.192144,0.995000,0.995000,0.995000,0.995000
656,11,28,17,4,0.298395,0.069138,0.997000,0.997000,0.997000,0.997000
657,22,12,16,5,0.479005,0.124047,0.998000,0.998000,0.998000,0.998000
658,15,19,23,5,0.236543,0.038444,0.999000,0.999000,0.999000,0.999000
659,19,31,20,3,0.288326,0.177731,-2.000000,0.992000,0.996000,0.996000
660,18,18,29,4,0.336501,0.007858,0.999000,0.999000,0.999000,0.999000
661,23,29,26,5,0.475864,0.179911,0.992000,0.992000,0.994000,-2.000000
662,30,31,10,3,0.048806,0.023067,-2.000000,-2.000000,-2.000000,-2.000000
663,15,21,28,1,0.470526,0.002299,0.990000,-2.000000,0.990000,-2.000000
664,12,16,20,1,0.457972,0.095759,0.994000,0.994000,0.994000,0.994000
665,19,23,11,2,0.498719,0.031767,-2.000000,0.984000,-2.000000,-2.000000
666,16,16,21,2,0.243515,0.120754,0.997000,0.997000,0.997000,0.997000
667,16,18,22,2,0.481879,0.079816,0.988000,-1.000000,-2.000000,-2.000000
668,21,21,27,3,0.356692,0.231219,-2.000000,0.987000,0.991000,-2.000000
669,19,29,9,4,0.458096,0.069528,-2.000000,-2.000000,-2.000000,-2.000000
670,20,26,15,3,0.374162,0.003587,-2.000000,-1.004000,-2.000000,-2.000000
671,26,17,14,2,0.494785,0.050821,1.000000,1.000000,1.000000,1.000000
672,26,28,27,4,0.066295,0.220858,0.995000,0.995000,0.995000,0.995000
673,26,24,8,3,0.024762,0.047345,0.999000,0.999000,0.999000,0.999000
674,11,15,9,1,0.294984,0.211314,-2.000000,-1.000000,-2.000000,-2.000000
675,20,19,13,4,0.115521,0.155794,0.999000,0.999000,0.999000,0.999000
676,21,31,9,4,0.272329,0.117078,0.993000,0.987000,0.993000,0.993000
677,25,19,18,3,0.405832,0.143321,-2.000000,0.981000,-2.000000,-2.000000
678,15,13,15,3,0.235566,0.025157,0.994000,0.994000,0.994000,-2.000000
679,23,27,18,3,0.110328,0.130849,0.996000,0.994000,0.996000,0.996000
680,15,18,11,1,0.132482,0.024582,-2.000000,0.989000,-2.000000,-2.000000
681,29,24,23,3,0.307096,0.126654,0.992000,0.992000,0.992000,-2.000000
682,16,31,26,1,0.031895,0.109814,0.991000,0.991000,-2.000000,-2.000000
683,22,12,28,1,0.252523,0.183748,-2.000000,-1.000000,-2.000000,-2.000000
684,31,19,30,1,0.467240,0.177229,0.995000,0.995000,0.995000,-2.000000
685,21,17,14,2,0.024532,0.112606,0.989000,-2.000000,-2.000000,-2.000000
686,17,14,22,2,0.104529,0.128397,0.997000,0.997000,0.997000,-2.000000
687,18,27,25,5,0.442225,0.064693,-2.000000,0.986000,-2.000000,-2.000000
688,20,26,22,5,0.446291,0.175272,0.995000,0.995000,0.995000,0.989000
689,19,16,13,3,0.222001,0.177053,0.993000,-2.000000,0.993000,-2.000000
690,30,12,25,3,0.311038,0.001009,0.991000,0.991000,0.994000,0.994000
691,14,22,19,2,0.032824,0.013205,0.990000,-1.002000,-2.000000,-2.000000
692,18,12,11,2,0.145732,0.227840,0.991000,-2.000000,0.991000,-2.000000
693,26,11,17,2,0.290319,0.027810,0.995000,0.995000,0.995000,-2.000000
694,30,21,8,3,0.379079,0.173038,0.989000,-2.000000,0.989000,-2.000000
695,12,10,28,1,0.119806,0.020127,-2.000000,-1.000000,-2.000000,-2.000000
696,17,18,27,5,0.365486,0.142128,0.998000,0.998000,0.998000,0.998000
697,20,21,25,5,0.272740,0.105147,0.991000,-1.001000,0.991000,-2.000000
698,17,25,8,3,0.246093,0.140762,0.980000,-2.000000,-2.000000,-2.000000
699,23,27,9,5,0.411836,0.098948,-2.000000,-2.000000,-2.000000,-2.000000
700,28,21,12,3,0.040813,0.192396,0.996000,0.996000,0.996000,0.996000
701,13,28,10,1,0.215360,0.212453,-2.000000,0.987000,0.987000,-2.000000
702,13,14,26,2,0.263437,0.166275,0.995000,0.995000,0.995000,-2.000000
703,13,23,12,3,0.373968,0.195918,0.998000,0.998000,0.998000,0.998000
704,18,29,24,2,0.333134,0.245518,-2.000000,0.986000,-2.000000,-2.000000
705,23,27,19,4,0.017447,0.224369,0.997000,0.997000,0.997000,0.997000
706,22,23,22,3,0.216089,0.070887,0.994000,0.994000,0.994000,0.992000
707,24,13,25,4,0.400843,0.053214,0.997000,0.997000,0.997000,-2.000000
708,23,17,12,5,0.084441,0.113906,0.993000,-2.000000,0.993000,0.993000
709,28,31,15,2,0.364104,0.007926,0.994000,-2.000000,0.994000,0.994000
710,12,25,31,5,0.332082,0.196084,1.000000,1.000000,1.000000,1.000000
711,16,10,13,2,0.447330,0.244319,0.989000,-1.002000,-2.000000,-2.000000
712,10,18,16,1,0.294057,0.045142,0.990000,-1.002000,0.994000,-2.000000
713,10,15,14,3,0.290618,0.140163,0.994000,0.996000,0.996000,-2.000000
714,30,23,28,3,0.213040,0.218910,-2.000000,-1.001000,-2.000000,-2.000000
715,21,16,19,5,0.189234,0.093132,0.995000,0.993000,0.995000,0.995000
716,26,14,13,3,0.166344,0.239645,0.991000,0.991000,0.991000,-2.000000
717,15,10,17,2,0.100192,0.178014,0.997000,0.995000,0.997000,0.997000
718,19,16,16,5,0.444158,0.226129,0.996000,0.996000,0.996000,0.996000
719,29,15,14,2,0.420678,0.128956,0.994000,0.992000,0.994000,-2.000000
720,11,25,13,4,0.239258,0.219150,0.998000,0.998000,0.998000,0.998000
721,19,11,16,2,0.047685,0.196853,0.994000,0.994000,0.994000,-2.000000
722,23,25,17,1,0.155898,0.070163,0.998000,0.998000,0.998000,0.998000
723,23,16,20,5,0.196648,0.181578,0.997000,0.995000,0.997000,0.997000
724,20,21,26,5,0.198681,0.188730,0.991000,0.991000,0.991000,-2.000000
725,10,31,25,1,0.420159,0.156701,-2.000000,-1.002000,-2.000000,-2.000000
726,29,21,9,3,0.071491,0.160310,0.993000,0.993000,0.993000,0.993000
727,28,28,25,5,0.265237,0.059307,0.996000,0.996000,0.996000,0.996000
728,15,10,9,4,0.383541,0.053120,1.000000,1.000000,1.000000,1.000000
729,26,18,11,1,0.084541,0.063823,0.999000,0.999000,0.999000,0.999000
730,31,24,26,2,0.201714,0.047426,-2.000000,-1.004000,-2.000000,-2.000000
731,28,21,12,1,0.038824,0.078687,-2.000000,-2.000000,-2.000000,-2.000000
732,27,20,25,4,0.004901,0.034729,-2.000000,-2.000000,-2.000000,-2.000000
733,24,22,31,1,0.011997,0.115899,-2.000000,-1.007000,-2.000000,-2.000000
734,30,26,24,1,0.120090,0.165151,-2.000000,-1.000000,-2.000000,-2.000000
735,17,17,19,2,0.178587,0.223976,0.997000,0.997000,0.997000,0.997000
736,25,27,18,4,0.224440,0.162584,0.997000,0.997000,0.997000,0.997000
737,20,19,29,5,0.376550,0.030907,0.998000,0.998000,0.998000,0.998000
738,14,29,10,5,0.459529,0.056904,0.995000,0.995000,0.995000,0.995000
739,17,19,20,4,0.403329,0.066874,0.995000,0.995000,0.995000,0.995000
740,21,27,12,3,0.236395,0.167985,0.992000,-2.000000,0.992000,-2.000000
741,17,29,11,3,0.083057,0.081828,0.995000,0.995000,0.995000,-2.000000
742,10,22,8,4,0.327048,0.203396,0.997000,0.997000,0.997000,0.997000
743,26,16,21,4,0.280611,0.201748,0.995000,0.995000,0.995000,0.995000
744,23,25,19,1,0.068073,0.078728,0.999000,0.999000,0.999000,0.999000
745,30,10,18,4,0.466151,0.167542,0.997000,0.993000,0.997000,0.997000
746,28,29,9,2,0.434751,0.067746,-2.000000,-2.000000,-2.000000,-2.000000
747,22,23,15,2,0.431680,0.035502,0.994000,0.994000,0.994000,-2.000000
748,24,10,12,4,0.459193,0.247547,0.997000,0.997000,0.997000,0.997000
749,12,31,22,1,0.488937,0.105418,-2.000000,-1.001000,-2.000000,-2.000000
